{"type":"FeatureCollection","features":[{"type":"Feature","geometry":{"type":"LineString","coordinates":[[125.200206,1.4410097],[125.2032423,1.4416961],[125.2073193,1.4429617],[125.2156019,1.4490967],[125.2225971,1.4569905],[125.2376175,1.4678017],[125.2552986,1.5058977],[125.273333,1.541667],[125.316813,1.659242],[125.360847,1.778855],[125.386667,1.85],[125.4460144,2.0128305],[125.4899597,2.1351877],[125.4981995,2.1566732],[125.586667,2.276667],[125.666667,2.386667],[125.75,2.498333],[125.825,2.6],[125.9002304,2.7041214],[125.978333,2.808333],[126.068333,2.93],[126.158333,3.051667],[126.233333,3.153333],[126.3200498,3.2700355],[126.4017391,3.3835374],[126.491667,3.505],[126.5633583,3.6117642],[126.6565704,3.7297963],[126.731667,3.825],[126.7401803,3.8414431],[126.7428222,3.84261],[126.7410251,3.8450653],[126.7383242,3.8967313],[126.7365646,3.905059],[126.721667,3.928333],[126.7014009,3.942843],[126.6978979,3.9431648],[126.6945076,3.9419867],[126.6930485,3.939953],[126.6945076,3.9419867],[126.6978979,3.9431641],[126.7014001,3.9428432],[126.7216623,3.9283183],[126.7365646,3.905059],[126.7383242,3.8967313],[126.7410251,3.845064],[126.7428195,3.84261],[126.7401803,3.8414431],[126.7316723,3.8249898],[126.656667,3.73],[126.5633583,3.6117642],[126.4916897,3.5049397],[126.4017606,3.3835802],[126.3200462,3.2700388],[126.2332535,3.1532856],[126.1583233,3.0516396],[126.0683406,2.9300118],[125.9783363,2.8084565],[125.9002304,2.7040356],[125.8249569,2.5999488],[125.7500267,2.4983401],[125.6666857,2.3866654],[125.5866049,2.276742],[125.4981995,2.1565875],[125.4899597,2.1351476],[125.4460144,2.0128305],[125.3867655,1.8500402],[125.3608704,1.7788127],[125.3168392,1.6592186],[125.2732962,1.5416334],[125.25527,1.50578],[125.237617,1.46782],[125.2225971,1.4570013],[125.2156019,1.4491074],[125.2073193,1.4429617],[125.2032396,1.4416961],[125.2002087,1.4410124]]},"properties":{"name":"BIT-MGR-LRG","date":2026,"description":"Bitung ➜ Mangaran ➜ Musi/Lirung ➜ Mangaran ➜ Bitung","ship":["KMP Bawal"],"imo":8731148,"mmsi":525016210,"ticket":"online (trip.ferizy.com) for Bitung and at the port/office for Mangaran & Musi/Lirung","website":["https://www.asdp.id/","https://www.instagram.com/asdp.bitung/","https://penyeberangansulut.blogspot.com/2017/07/kmp-bawal.html"],"image":["./images/ferry/KMP+Bawal+Compress.png"],"color":"#008800","remarks":"Dedicated ferry terminals in Mangaran and Musi are rarely used and instead the ports of Mangaran and Lirung are used. Sometimes the ferry also goes to Melonguane."},"id":"1"},{"type":"Feature","properties":{"description":"Pelabuhan penyeberangan Musi","code":"LRG","link":"https://penyeberangansulut.blogspot.com/2017/07/pelabuhan-penyeberangan-musi.html"},"geometry":{"coordinates":[126.68225875794184,3.948019930611622],"type":"Point"},"id":1},{"type":"Feature","properties":{"description":"Pelabuhan penyeberangan Mangaran","code":"MGR","link":"https://penyeberangansulut.blogspot.com/2017/07/pelabuhan-penyeberangan-mangaran.html"},"geometry":{"coordinates":[126.74443416232958,3.8154578706618167],"type":"Point"},"id":2},{"type":"Feature","properties":{"description":"Pelabuhan penyeberangan Bitung","code":"BIT","link":"https://penyeberangansulut.blogspot.com/2017/07/pelabuhan-penyeberangan-bitung.html"},"geometry":{"coordinates":[125.2001480932737,1.4410249200773393],"type":"Point"},"id":3},{"type":"Feature","geometry":{"type":"LineString","coordinates":[[125.2002034,1.4410445],[125.2032691,1.4418141],[125.2072549,1.4430636],[125.2155161,1.4492683],[125.2224872,1.4571166],[125.2374673,1.467866],[125.2522087,1.4999131],[125.2728081,1.541848],[125.4231834,2.1126726],[125.4755402,2.3486995],[125.4709053,2.3667087],[125.4491043,2.3862613],[125.42593,2.3914067],[125.4196644,2.3871189],[125.4172397,2.3694637],[125.4189777,2.3876334],[125.436058,2.6368175],[125.4394054,2.6454771],[125.4454136,2.6705127],[125.4521513,2.6757641],[125.4460788,2.6760857],[125.4163653,2.7327244],[125.4212952,2.7259836],[125.4336923,2.7263694],[125.4618073,2.7510604],[125.5498695,3.1702542],[125.5496979,3.4006734],[125.5526161,3.4107407],[125.5552769,3.4196084],[125.5497622,3.4336702],[125.5552876,3.4196084],[125.5526054,3.4107407],[125.5496979,3.4007163],[125.5498695,3.1702542],[125.4618073,2.7510604],[125.4336977,2.7263694],[125.4213005,2.7259836],[125.4163706,2.7327244],[125.4460788,2.6760857],[125.4521513,2.6757641],[125.4454243,2.6705235],[125.4394054,2.6454771],[125.436058,2.6368175],[125.4189777,2.3876334],[125.4172397,2.369469],[125.4196644,2.3871403],[125.4259327,2.391404],[125.4490989,2.3862667],[125.4708946,2.3667087],[125.4755402,2.3487853],[125.4231834,2.1126298],[125.272851,1.5418909],[125.2522087,1.4998916],[125.2374673,1.467866],[125.2224845,1.4571139],[125.2155054,1.4492575],[125.2072549,1.443069],[125.2032799,1.4418195],[125.200206,1.4410472]]},"properties":{"name":"BIT-TGL-BHS-USI-PNU","date":2026,"description":"Bitung ➜ Minanga ➜ Buhias ➜ Ulu Siau ➜ Pananaru ➜ Ulu Siau ➜ Buhias ➜ Minanga ➜ Bitung","ship":["KMP Lokongbanua"],"imo":"","mmsi":525016362,"ticket":"at the port or on the ferry","website":["https://www.facebook.com/pages/KMP-Lokongbanua/1442778786025372/","https://www.facebook.com/groups/610977510407242","https://penyeberangansulut.blogspot.com/2017/07/kmp-lokong-banua.html"],"image":["./images/ferry/KMP+LOKONGBANUA+1.jpeg"],"color":"#008800","remarks":"Dedicated ferry terminal in Sawang is not used and instead the ports of Ulu Siau and Buhias are used. No AIS."},"id":"2"},{"type":"Feature","properties":{"description":"Pelabuhan penyeberangan Pananaru","code":"PNU","link":"https://penyeberangansulut.blogspot.com/2017/07/pelabuhan-penyeberangan-pananaru.html"},"geometry":{"coordinates":[125.4172263320387,2.36939595586705],"type":"Point"},"id":3},{"type":"Feature","properties":{"description":"Pelabuhan penyeberangan Minanga","code":"TGL","link":"https://penyeberangansulut.blogspot.com/2017/07/pelabuhan-penyeberangan-minanga.html"},"geometry":{"coordinates":[125.54981396862269,3.4336919264653147],"type":"Point"},"id":4},{"type":"Feature","properties":{"description":"Pelabuhan penyeberangan Sawang","code":"SWG","link":"https://penyeberangansulut.blogspot.com/2017/07/pelabuhan-penyeberangan-sawang.html"},"geometry":{"coordinates":[125.39303922919333,2.6821983925176625],"type":"Point"},"id":5},{"type":"Feature","geometry":{"type":"LineString","coordinates":[[125.0145274,1.6982467],[125.0157478,1.7008715],[125.0235558,1.7160138],[125.0608063,1.7549631],[125.1142788,1.8439256],[125.27917,2.05547],[125.29957,2.081138],[125.318635,2.105662],[125.3206,2.108452],[125.3297567,2.1201348],[125.336367,2.128662],[125.3413439,2.1353593],[125.346962,2.14163],[125.3507853,2.1434646],[125.3580379,2.1441508],[125.3669214,2.1380879],[125.3664494,2.1302559],[125.3651404,2.1277899],[125.3643465,2.1269966],[125.365137,2.1278],[125.3664386,2.1302452],[125.3669214,2.1380932],[125.368882,2.15309],[125.37071,2.1698],[125.373745,2.1930392],[125.378132,2.222002],[125.379105,2.228827],[125.3912544,2.3102792],[125.3855896,2.3258876],[125.3533173,2.3495571],[125.349369,2.3596457],[125.3540039,2.3847177],[125.3743458,2.3960803],[125.4010391,2.3953514],[125.4148149,2.3849133],[125.4172289,2.3694744],[125.4154372,2.3850795],[125.4096222,2.3939793],[125.2760696,2.5236358],[125.257616,2.5443865],[125.225172,2.6045789],[125.2230263,2.6082658],[125.211525,2.6307299],[125.1966763,2.6620676],[125.1803684,2.6944761],[125.1630414,2.7254585],[125.163095,2.7311062],[125.1630306,2.7254692],[125.1670378,2.7197733],[125.17588,2.722195],[125.23103,2.7323065],[125.245575,2.734705],[125.275436,2.740587],[125.309456,2.74651],[125.3572547,2.7543611],[125.361961,2.754623],[125.364227,2.754048],[125.3646804,2.7539003],[125.3650278,2.7539539],[125.3646791,2.7539003],[125.3642285,2.7540476],[125.3619593,2.7546237],[125.357254,2.754362],[125.3094149,2.7465166],[125.2755117,2.7406011],[125.2455783,2.734707],[125.2310514,2.7323065],[125.175873,2.7221899],[125.167038,2.719773],[125.1630306,2.7254692],[125.1630843,2.7311062],[125.1630306,2.7254692],[125.180344,2.694575],[125.196678,2.662053],[125.211586,2.630635],[125.223122,2.608077],[125.225243,2.60444],[125.257629,2.5444],[125.2760696,2.5236358],[125.4096222,2.3939793],[125.4154372,2.3850821],[125.4172397,2.3694744],[125.4148149,2.3849106],[125.4010391,2.3953514],[125.3743458,2.3960803],[125.3540039,2.3846543],[125.349412,2.3596524],[125.3532743,2.3495142],[125.3855896,2.3258876],[125.3912544,2.3104507],[125.373745,2.193125],[125.370698,2.169796],[125.3688955,2.1529851],[125.3669214,2.1380932],[125.3664494,2.1302559],[125.3651404,2.1277899],[125.3643465,2.1269912],[125.3651404,2.1277899],[125.3664494,2.1302559],[125.3669214,2.1380611],[125.3580594,2.1441789],[125.3508067,2.1434646],[125.3469443,2.1415991],[125.341301,2.1353164],[125.3363657,2.128712],[125.3186417,2.1056393],[125.2995872,2.0811081],[125.2791595,2.0554614],[125.1143646,1.8440114],[125.0608063,1.7549631],[125.0235558,1.7160138],[125.0157452,1.7008715],[125.0145274,1.6982494]]},"properties":{"name":"MKT-IBS-TGL-MKH-PEE","date":2026,"description":"Munte ➜ Biaro ➜ Minanga ➜ Makalehi ➜ Pehe ➜ Makalehi ➜ Minanga ➜ Biaro ➜ Munte","ship":["KMP Lohoraung"],"imo":8676403,"mmsi":525010131,"ticket":"at the port or on the ferry","website":["https://www.facebook.com/pages/KMP%20Lohoraung/617410015001985/","https://www.facebook.com/groups/610977510407242","https://penyeberangansulut.blogspot.com/2017/07/kmp-lohoraung.html"],"image":["./images/ferry/KMP+LOHORAUNG+1.jpeg"],"color":"#2EFF2E","remarks":"Dedicated ferry terminal in Sawang is not used and instead the port of Pehe is used. Sometimes the ferry also goes to Ulu Siau."},"id":"3"},{"type":"Feature","properties":{"description":"Pelabuhan penyeberangan Biaro","code":"IBS","link":"https://penyeberangansulut.blogspot.com/2017/07/pelabuhan-penyeberangan-biaro.html"},"geometry":{"coordinates":[125.36432240308267,2.1269774055172093],"type":"Point"},"id":6},{"type":"Feature","properties":{"description":"Pelabuhan penyeberangan Munte","code":"MKT","link":"https://penyeberangansulut.blogspot.com/2017/07/pelabuhan-penyeberangan-likupang.html"},"geometry":{"coordinates":[125.0145008203259,1.6982672118329987],"type":"Point"},"id":7},{"type":"Feature","geometry":{"type":"LineString","coordinates":[[125.0145328,1.6982983],[125.0236738,1.7159602],[125.0609565,1.7546414],[125.0853539,1.7823944],[125.113335,1.843333],[125.14167,1.975],[125.168335,2.1],[125.1966548,2.2283323],[125.223335,2.351667],[125.250977,2.47567],[125.277924,2.60022],[125.3037071,2.718439],[125.321571,2.801657],[125.371666,2.918333],[125.423332,3.04],[125.4618073,3.1250897],[125.5016541,3.2502514],[125.539999,3.3749692],[125.5466723,3.3966679],[125.555014,3.4194424],[125.5497783,3.4336595],[125.555014,3.4194431],[125.5440331,3.4003327],[125.543335,3.391667],[125.556664,3.33],[125.5616713,3.316661],[125.5832791,3.3166824],[125.6284904,3.3285286],[125.73333,3.406667],[125.8662415,3.5065675],[125.9702682,3.5852092],[126.0717201,3.6616171],[126.1755753,3.7352778],[126.2785721,3.8135569],[126.3820839,3.8902874],[126.4916039,3.971806],[126.5966928,4.0501059],[126.606667,4.051667],[126.620003,4.055],[126.6249847,4.0533593],[126.660009,4.0016724],[126.6650274,3.9950313],[126.6804206,3.9914459],[126.6809034,3.9922165],[126.6803777,3.9927088],[126.6809034,3.9922165],[126.6804206,3.9914459],[126.6650248,3.9950313],[126.660004,4.001667],[126.625,4.053333],[126.6200066,4.0550074],[126.6066706,4.0516684],[126.5967035,4.0501059],[126.4915824,3.9718274],[126.381668,3.89],[126.278336,3.813333],[126.175003,3.735],[126.071663,3.661667],[125.970001,3.585],[125.866669,3.506667],[125.7333755,3.4064996],[125.6858253,3.3711992],[125.6284904,3.3285286],[125.5832791,3.3166824],[125.561668,3.316667],[125.5566716,3.3300281],[125.5433357,3.3916717],[125.5440438,3.4003414],[125.5550147,3.4194417],[125.5497797,3.4336608],[125.5550147,3.4194431],[125.546669,3.396667],[125.5016327,3.2502086],[125.4618073,3.1250897],[125.4235268,3.0404117],[125.3715134,2.918354],[125.3215599,2.8017697],[125.2781296,2.6003357],[125.2510071,2.4759594],[125.2233696,2.3514438],[125.1966548,2.2283216],[125.1683307,2.1000212],[125.1416588,1.9750021],[125.1133347,1.8433358],[125.0853539,1.7823729],[125.0609565,1.7546414],[125.0236738,1.7159629],[125.0145341,1.698299]]},"properties":{"name":"MKT-PNU-IMH","date":2026,"description":"Munte ➜ Pananaru ➜ Melonguane ➜ Pananaru ➜ Munte","ship":["KMP Tarusi"],"imo":8676192,"mmsi":525018023,"ticket":"at the port or on the ferry","website":["https://www.asdp.id/","https://www.instagram.com/asdp.bitung/","https://penyeberangansulut.blogspot.com/2017/07/kmp-tarusi.html"],"image":["./images/ferry/kmp+tarusi+-+Bitung+Usaha.jpeg"],"color":"#00D100","remarks":""},"id":"4"},{"type":"Feature","properties":{"description":"Pelabuhan penyeberangan Melonguane","code":"IMH","link":"https://penyeberangansulut.blogspot.com/2017/07/pelabuhan-penyeberangan-melonguane.html"},"geometry":{"coordinates":[126.68033393147562,3.992689844609032],"type":"Point"},"id":8},{"type":"Feature","geometry":{"type":"LineString","coordinates":[[124.5499125,1.2001686],[124.5518303,1.2032471],[124.5483971,1.2144348],[124.4696045,1.2888966],[124.4650126,1.3100055],[124.4953537,1.3805389],[124.521296,1.4131448],[124.5784378,1.4533868],[124.7414517,1.552144],[124.8001385,1.5967591],[124.817375,1.621305],[124.8841667,1.7308558],[124.9461365,1.8735216],[125.036667,2.116667],[125.140028,2.3700533],[125.2207947,2.5397562],[125.2529597,2.6114168],[125.326668,2.796667],[125.431664,3.033333],[125.45331,3.0950075],[125.514999,3.281667],[125.5366623,3.3466724],[125.5488932,3.4005877],[125.5551428,3.4195334],[125.5497783,3.4336648],[125.5548799,3.4194467],[125.5435181,3.4031581],[125.523331,3.4],[125.5150223,3.4067566],[125.486666,3.4333275],[125.476656,3.456749],[125.3780365,3.6652146],[125.401665,3.923333],[125.425003,4.185],[125.449997,4.443333],[125.46833,4.71],[125.4749796,4.7283472],[125.4765809,4.7294379],[125.4749823,4.7283472],[125.4673862,4.7098814],[125.386665,4.46],[125.3393269,4.2299655],[125.3344345,4.2224758],[125.3277183,4.2235029],[125.3224611,4.2266701],[125.324564,4.2193087],[125.349998,3.961667],[125.373337,3.7],[125.3780365,3.6652568],[125.4766452,3.456749],[125.486664,3.433333],[125.514999,3.406667],[125.5233371,3.3999987],[125.5435181,3.4031581],[125.5548799,3.4194478],[125.549773,3.4336648],[125.5551428,3.4195388],[125.5488825,3.4005877],[125.536667,3.346667],[125.5149794,3.2817001],[125.453331,3.095],[125.4316592,3.0333406],[125.3266668,2.7966474],[125.25293,2.611393],[125.2207947,2.5397562],[125.139999,2.37],[125.036602,2.1166182],[124.9461365,1.8735216],[124.8841453,1.7308773],[124.817369,1.6212755],[124.8001385,1.5967591],[124.7414303,1.552144],[124.578331,1.453333],[124.5212746,1.4131448],[124.4953537,1.3805389],[124.464996,1.31],[124.4696045,1.2888966],[124.5483971,1.2144339],[124.5518303,1.2032471],[124.5499098,1.2001686]]},"properties":{"name":"AUG-PNU-KAO-MRE","date":2026,"description":"Amurang ➜ Pananaru ➜ Kawaluso ➜ Marore ➜ Kawaluso ➜ Pananaru ➜ Amurang","ship":["KMP Porodisa"],"imo":9049255,"mmsi":525019419,"ticket":"at the port or on the ferry","website":["https://www.asdp.id/","https://www.instagram.com/asdp.bitung/","https://penyeberangansulut.blogspot.com/2017/07/kmp-porodisa.html"],"image":["./images/ferry/KMP+porodisa+-+Bitung+Usaha.jpeg"],"color":"#008800","remarks":"Ferry ports in Marore and possibly also Kawaluso aren't used and the docking happens at the main ports."},"id":"5"},{"type":"Feature","properties":{"description":"Pelabuhan penyeberangan Marore","code":"MRE","link":"https://penyeberangansulut.blogspot.com/2017/07/pelabuhan-penyeberangan-marore.html"},"geometry":{"coordinates":[125.48728716036186,4.730719232286376],"type":"Point"},"id":9},{"type":"Feature","properties":{"description":"Pelabuhan penyeberangan Kawaluso","code":"KAO","link":""},"geometry":{"coordinates":[125.3224941743648,4.22670186610334],"type":"Point"},"id":10},{"type":"Feature","properties":{"description":"Pelabuhan penyeberangan Amurang","code":"AUG","link":"https://penyeberangansulut.blogspot.com/2017/07/pelabuhan-penyeberangan-amurang.html"},"geometry":{"coordinates":[124.54993680066389,1.2001455748052194],"type":"Point"},"id":11},{"type":"Feature","geometry":{"type":"LineString","coordinates":[[125.0145274,1.6982387],[125.0237596,1.7158959],[125.0611496,1.7544055],[125.0856972,1.7819869],[125.1118326,1.8391216],[125.1147938,1.8435825],[125.426445,2.0848822],[125.4717636,2.1474958],[126.596489,4.0481795],[126.6193199,4.0534877],[126.6242981,4.0526316],[126.6649818,3.9950313],[126.6804213,3.9914419],[126.6808927,3.9922165],[126.6803509,3.9927249],[126.6839075,3.9905576],[126.7492676,3.9807109],[126.7863464,3.9903007],[126.8249702,4.0344808],[127.1521139,4.6048721],[127.1533585,4.6137589],[127.1508265,4.626966],[127.1539056,4.6336924],[127.1487236,4.6342592],[127.143563,4.636847],[127.0886207,4.7227872],[127.1047783,4.7247653],[127.1219015,4.7284007],[127.1231005,4.7294312],[127.122674,4.7302719],[127.1231005,4.7294298],[127.1134472,4.7295555],[127.1099067,4.7307744],[127.0692229,4.8091284],[126.5786362,5.5384205],[126.576308,5.5488642],[126.5786362,5.5384205],[127.0692229,4.809123],[127.1099067,4.7307744],[127.1134472,4.7295555],[127.1231005,4.7294298],[127.122674,4.7302719],[127.1231005,4.7294298],[127.1219015,4.7284007],[127.1047769,4.7247653],[127.0886207,4.7227872],[127.1435523,4.636847],[127.1487236,4.6342592],[127.1539056,4.6336951],[127.1508265,4.6269446],[127.1533585,4.6137696],[127.1521139,4.6048935],[126.8249702,4.0344808],[126.7863894,3.9903007],[126.749289,3.9807109],[126.6839075,3.9905576],[126.6803509,3.9927249],[126.6808914,3.9922178],[126.6804206,3.9914419],[126.6649818,3.9950313],[126.6242981,4.0526316],[126.6193199,4.0535305],[126.596446,4.0481795],[125.4717636,2.1473243],[125.426445,2.0848822],[125.1147938,1.8435825],[125.1118326,1.8391216],[125.0857401,1.7820298],[125.0611496,1.7544055],[125.0237542,1.7158905],[125.0145274,1.6982387]]},"properties":{"name":"MKT-PNU-IMH-KON-KTN-MAT-MGS","date":2026,"description":"Munte ➜ Pananaru ➜ Melonguane ➜ Kakorotan ➜ Karatung ➜ Marampit ➜ Miangas ➜ Marampit ➜ Karatung ➜ Kakorotan ➜ Melonguane ➜ Pananaru ➜ Munte","ship":["KMP Watunapato"],"imo":8774413,"mmsi":525001093,"ticket":"at the port or on the ferry","website":["https://www.facebook.com/profile.php?id=61557183834348","https://penyeberangansulut.blogspot.com/2017/07/kmp-watunapato.html"],"image":["./images/ferry/foto+watunapato.jpeg"],"color":"#2EFF2E","remarks":"Ferry port in Marampit is possibly not used and the docking happens at the main port. Regular between Munte/Likupang and Melonguane, once a month to Miangas. No AIS."},"id":"6"},{"type":"Feature","properties":{"description":"Pelabuhan penyeberangan Marampit","code":"MAT","link":"https://penyeberangansulut.blogspot.com/2017/07/pelabuhan-penyeberangan-marampit.html"},"geometry":{"coordinates":[127.12268614305492,4.730323831830674],"type":"Point"},"id":12},{"type":"Feature","geometry":{"type":"LineString","coordinates":[[125.200206,1.4410526],[125.2032705,1.4417685],[125.2072763,1.4430073],[125.2155268,1.4491717],[125.2225327,1.4570549],[125.2300215,1.4616775],[125.235,1.465],[125.2369308,1.4676086],[125.2845025,1.5594823],[125.34,1.583333],[125.48,1.605],[125.633333,1.628333],[125.7464218,1.6499527],[125.881691,1.6750047],[126.065,1.716667],[126.233333,1.756667],[126.375,1.791667],[126.5276527,1.8282267],[126.656667,1.855],[126.81,1.881667],[126.971667,1.913333],[127.1,1.935],[127.24,1.963333],[127.373333,1.988333],[127.498412,2.005703],[127.6333237,2.0299859],[127.7665329,2.0550326],[127.770955,2.0581],[127.874642,2.167567],[127.9519057,2.2342501],[128.0332732,2.2333589],[128.082955,2.198827],[128.0707812,2.1606401],[128.02489,2.041283],[127.980144,1.9233619],[127.9816675,1.903353],[127.9866028,1.8060077],[127.9887486,1.7733222],[127.9874933,1.7694616],[127.9834056,1.7678209],[127.9874933,1.7694616],[127.9887486,1.7733222],[127.9866028,1.805997],[127.981667,1.903333],[127.9801427,1.9233632],[128.02489,2.041283],[128.070777,2.160653],[128.0829585,2.1988285],[128.033273,2.233358],[127.951903,2.234248],[127.8746259,2.1675552],[127.7709424,2.0580883],[127.7665329,2.0550326],[127.633333,2.03],[127.4982262,2.0056251],[127.3734283,1.9882979],[127.2402191,1.9632502],[127.0999718,1.9349425],[126.9717407,1.9133253],[126.809864,1.8815854],[126.6567421,1.854992],[126.5274811,1.8282267],[126.3750458,1.791681],[126.2332535,1.7566789],[126.163044,1.7400355],[126.0650253,1.7167002],[125.881667,1.675],[125.746667,1.65],[125.633812,1.6283322],[125.4800034,1.6049956],[125.3400993,1.5833746],[125.284508,1.559493],[125.2369094,1.4675872],[125.2349997,1.4650024],[125.2300215,1.4616775],[125.2225327,1.4570549],[125.2155375,1.4491825],[125.207275,1.4430108],[125.2032718,1.4417672],[125.2002034,1.4410526]]},"properties":{"name":"BIT-TBO","date":2026,"description":"Bitung ➜ Tobelo ➜ Bitung","ship":["KMP Labuhan Haji"],"imo":9641766,"mmsi":525001166,"ticket":"online (trip.ferizy.com) for Bitung and at the port/office for Tobelo","website":["https://www.asdp.id/","https://www.instagram.com/asdp.bitung/"],"image":["https://asset.kompas.com/crops/jaNszReFg1nX2Zr_KodbB8bhASw=/0x0:0x0/1200x800/data/photo/2021/11/12/618e63a41a562.jpg"],"color":"#00D100","remarks":"Roughly five to six times a month."},"id":"7"},{"type":"Feature","properties":{"description":"Pelabuhan penyeberangan Tobelo","code":"TBO","link":""},"geometry":{"coordinates":[127.98338576071973,1.7678027795560922],"type":"Point"},"id":13},{"type":"Feature","geometry":{"type":"LineString","coordinates":[[125.2002034,1.4410526],[125.2032745,1.4417658],[125.2072763,1.44301],[125.2155375,1.4491717],[125.2225327,1.4570495],[125.2300242,1.4616762],[125.2349997,1.4650024],[125.2369067,1.4675818],[125.2466726,1.4932849],[125.268043,1.544418],[125.3361511,1.651497],[125.3983355,1.7449899],[125.4716778,1.8600105],[125.5582809,1.9982482],[125.6381035,2.1212499],[125.71666,2.2416688],[125.7982635,2.3733978],[125.855,2.463333],[125.9549904,2.6165827],[126.0349846,2.7383292],[126.1151505,2.8652067],[126.1850166,2.9732988],[126.2565994,3.086694],[126.3365936,3.2118175],[126.4134979,3.3300709],[126.486667,3.446667],[126.56,3.56],[126.6332245,3.6751506],[126.7149997,3.7983127],[126.720763,3.811772],[126.7330456,3.9074995],[126.7174029,3.9305339],[126.6983324,3.9483338],[126.6822553,3.9913389],[126.6803563,3.9927195],[126.682258,3.9913389],[126.698333,3.948333],[126.7174244,3.9305339],[126.73306,3.907527],[126.7207611,3.8117798],[126.715,3.798333],[126.633333,3.675],[126.5604401,3.5603667],[126.4866257,3.4465966],[126.413333,3.33],[126.336667,3.211667],[126.256667,3.086667],[126.185,2.973333],[126.115,2.865],[126.035,2.738333],[125.955,2.616667],[125.8967113,2.5273658],[125.8549976,2.4634397],[125.7982635,2.3734085],[125.716667,2.241667],[125.638333,2.121667],[125.558333,1.998333],[125.471667,1.86],[125.398333,1.745],[125.3361511,1.651497],[125.2680445,1.544422],[125.246667,1.493333],[125.2369094,1.4675872],[125.2349997,1.4650024],[125.2300215,1.4616775],[125.2225327,1.4570549],[125.2155483,1.4491932],[125.207275,1.4430086],[125.2032731,1.4417672],[125.2002007,1.4410513]]},"properties":{"name":"BIT-IMH","date":2026,"description":"Bitung ➜ Melonguane ➜ Bitung","ship":["KMP Labuhan Haji"],"imo":9641766,"mmsi":525001166,"ticket":"online (trip.ferizy.com) for Bitung and at the port/office for Melonguane","website":["https://www.asdp.id/","https://www.instagram.com/asdp.bitung/"],"image":["https://asset.kompas.com/crops/jaNszReFg1nX2Zr_KodbB8bhASw=/0x0:0x0/1200x800/data/photo/2021/11/12/618e63a41a562.jpg"],"color":"#00D100","remarks":"Roughly Three times a month."},"id":"8"},{"type":"Feature","geometry":{"type":"LineString","coordinates":[[125.2001846,1.4410419],[125.2011663,1.4412457],[125.202003,1.441357],[125.202507,1.441393],[125.2038002,1.4415513],[125.205879,1.441812],[125.2098405,1.442951],[125.2143735,1.4439002],[125.2150279,1.4451283],[125.216896,1.448333],[125.2205586,1.4553817],[125.2218568,1.4567224],[125.2371401,1.4670456],[125.239388,1.47279],[125.2422953,1.4800667],[125.2545476,1.5052381],[125.258882,1.5140059],[125.2630663,1.5267043],[125.2787948,1.5644347],[125.28215,1.569723],[125.294652,1.573036],[125.366621,1.5869352],[125.445557,1.602488],[126.031036,1.717115],[126.545197,1.817697],[126.62455,1.833143],[126.695946,1.847027],[126.767838,1.86049],[126.875816,1.883147],[127.05909,1.91846],[127.384575,1.982037],[127.5188255,2.0080269],[127.581001,2.02045],[127.592377,2.022563],[127.659508,2.035672],[127.7318573,2.0491998],[127.75177,2.0531455],[127.768743,2.0573056],[127.781319,2.06608],[127.7966166,2.0815799],[127.8172588,2.1044385],[127.83284,2.121583],[127.842468,2.132118],[127.8905582,2.1847197],[127.9353619,2.2336926],[127.9472065,2.2465574],[128.0152702,2.2343787],[128.056061,2.227562],[128.066132,2.226237],[128.0704594,2.224773],[128.076523,2.220237],[128.0874538,2.2123369],[128.090164,2.209838],[128.091019,2.187543],[128.084351,2.163525],[128.0719185,2.118934],[128.0566406,2.0637816],[128.041306,2.00905],[128.038269,1.998203],[128.021286,1.937172],[128.004654,1.876622],[127.986122,1.810017],[127.98465,1.80512],[127.98513,1.792847],[127.989784,1.777777],[127.990051,1.772695],[127.989624,1.771818],[127.9873833,1.7695367],[127.9834163,1.7678423],[127.987386,1.7695367],[127.9896283,1.7718208],[127.9900467,1.7727109],[127.9897892,1.7777832],[127.9851222,1.7928177],[127.9846287,1.8051498],[128.00766,1.888105],[128.030533,1.970183],[128.047684,2.031805],[128.064514,2.092248],[128.082291,2.156177],[128.0843639,2.1636206],[128.0910587,2.1876358],[128.0901146,2.2098496],[128.087433,2.212308],[128.07048,2.224807],[128.0661678,2.2261452],[128.057388,2.227453],[128.015289,2.23442],[128.002106,2.236923],[127.947227,2.246518],[127.935349,2.233747],[127.89048,2.18482],[127.8424072,2.1320571],[127.803757,2.089568],[127.796669,2.081607],[127.7813172,2.0660761],[127.768745,2.057313],[127.751656,2.053105],[127.731903,2.049183],[127.705521,2.044425],[127.693909,2.042103],[127.643387,2.032558],[127.5923824,2.0224376],[127.518677,2.008027],[127.51049,2.00635],[127.448357,1.994363],[126.974464,1.901803],[126.413162,1.79186],[126.158157,1.74169],[125.720413,1.655882],[125.466187,1.606208],[125.366669,1.586928],[125.294624,1.57303],[125.2821529,1.569722],[125.278786,1.56443],[125.2630663,1.5267043],[125.258882,1.5140059],[125.254547,1.505237],[125.2422953,1.4800607],[125.2393878,1.4727782],[125.237144,1.467045],[125.221855,1.456723],[125.2205586,1.4553817],[125.215027,1.445127],[125.2143735,1.4439002],[125.209839,1.442952],[125.2058789,1.4418114],[125.2038002,1.4415513],[125.2025047,1.4413931],[125.2020058,1.4413583],[125.2011663,1.4412457],[125.2001846,1.4410419]]},"properties":{"name":"BIT-TBO","date":2026,"description":"Bitung ➜ Tobelo ➜ Bitung","ship":["KMP Ranaka"],"imo":9725031,"mmsi":525001094,"ticket":"online (trip.ferizy.com) for Bitung and at the port/office for Tobelo","website":["https://www.asdp.id/","https://www.instagram.com/asdp.bitung/"],"image":["https://rricoid-assets.obs.ap-southeast-4.myhuaweicloud.com/berita/Kupang/o/1733902558196-WhatsApp_Image_2024-12-11_at_12.14.47/m9v0ib5lwor6oyo.jpeg"],"color":"#008800","remarks":"Many departures every month."},"id":"9"},{"type":"Feature","geometry":{"type":"LineString","coordinates":[[125.2002034,1.4410285],[125.2013433,1.4412188],[125.2023706,1.4413797],[125.2026951,1.4410097],[125.202896,1.44015],[125.202614,1.439157],[125.201828,1.438185],[125.2012414,1.4377116],[125.198456,1.436612],[125.194878,1.435775],[125.1885009,1.4348533],[125.1830077,1.4345101],[125.17627,1.432155],[125.1758838,1.4320003],[125.170464,1.426875],[125.157104,1.41397],[125.1504993,1.4022905],[125.1505852,1.3900847],[125.1517868,1.3836922],[125.1556492,1.3817616],[125.172987,1.3756908],[125.210709,1.362245],[125.227905,1.356257],[125.237587,1.352823],[125.2493334,1.3487476],[125.264214,1.343743],[125.26989,1.341912],[125.271011,1.34152],[125.302841,1.33247],[125.311531,1.329932],[125.332306,1.324007],[125.3921127,1.3100055],[125.420494,1.303198],[125.451225,1.294568],[125.45536,1.293285],[125.482235,1.2856358],[125.548332,1.265],[125.6309795,1.2408431],[125.6625652,1.2316613],[125.678337,1.226667],[125.7697678,1.1984523],[125.813332,1.186667],[125.8849525,1.1667017],[125.9452057,1.1483377],[126.0067463,1.1283431],[126.0783291,1.1066321],[126.1502552,1.0849209],[126.2802887,1.0481059],[126.348335,1.026667],[126.471664,0.991667],[126.540001,0.971667],[126.603333,0.953333],[126.673332,0.931667],[126.730003,0.915],[126.8050575,0.8934613],[126.878334,0.871667],[126.9312286,0.8551852],[127.0031548,0.8333866],[127.0716476,0.8131326],[127.1337891,0.7957966],[127.198814,0.777063],[127.2592306,0.7597081],[127.2821045,0.7522844],[127.313896,0.743598],[127.3229599,0.7428438],[127.3417783,0.7453327],[127.346947,0.746157],[127.3552859,0.7478216],[127.3640728,0.7495809],[127.3722804,0.7553311],[127.373558,0.756683],[127.3751557,0.7596866],[127.3757136,0.7619288],[127.375778,0.7633341],[127.3757136,0.761918],[127.3751664,0.7596866],[127.3735571,0.7566828],[127.3723018,0.7553526],[127.3640728,0.7495809],[127.3552859,0.7478216],[127.3469496,0.7461587],[127.3417568,0.7453327],[127.3229599,0.7428438],[127.3139262,0.7435733],[127.2821259,0.7522844],[127.2592092,0.7597295],[127.244774,0.763745],[127.1986771,0.7770872],[127.133797,0.795753],[127.071663,0.813333],[127.003334,0.833333],[126.931057,0.8553569],[126.8780136,0.8716628],[126.805,0.893333],[126.7298698,0.9149163],[126.673332,0.931667],[126.6033983,0.9532775],[126.5398407,0.9715568],[126.4722061,0.9914666],[126.3489532,1.0268234],[126.279999,1.048333],[126.150002,1.085],[126.078331,1.106667],[126.006668,1.128333],[125.945,1.148333],[125.885002,1.166667],[125.8134556,1.1866961],[125.7698536,1.1984523],[125.6783581,1.2266843],[125.673546,1.228108],[125.662544,1.231648],[125.631065,1.240937],[125.5480671,1.2651274],[125.4823208,1.2856358],[125.437416,1.29844],[125.42952,1.300902],[125.3920269,1.3100055],[125.3322887,1.3239922],[125.3115177,1.3299129],[125.3028488,1.3324871],[125.2709627,1.3415398],[125.2641821,1.3437279],[125.2376175,1.3527805],[125.2107096,1.3622622],[125.172974,1.375702],[125.155678,1.381753],[125.1517868,1.3837137],[125.1505852,1.3900633],[125.1504993,1.4022905],[125.1571083,1.4139707],[125.1704121,1.4268306],[125.1758838,1.4320003],[125.182976,1.434515],[125.188492,1.434853],[125.1948792,1.4357757],[125.1984572,1.4366069],[125.201241,1.43771],[125.2018207,1.4381782],[125.2026147,1.4391649],[125.2028936,1.440149],[125.2026951,1.4410043],[125.2023679,1.4413797],[125.201347,1.441217],[125.200206,1.4410285]]},"properties":{"name":"BIT-BIG","date":2026,"description":"Bitung ➜ Bastiong/Ternate ➜ Bitung","ship":["KMP Dalente Woba"],"imo":9829851,"mmsi":525003481,"ticket":"online (trip.ferizy.com) for Bitung and Ternate","website":["https://www.asdp.id/","https://www.instagram.com/asdp.bitung/"],"image":["https://instran.id/wp-content/uploads/2025/11/a2-18.webp"],"color":"#00D100","remarks":"Many departures every month."},"id":"10"},{"type":"Feature","properties":{"description":"Pelabuhan penyeberangan Bastiong","code":"BIG","link":"https://www.asdp.id/pelabuhan/pelabuhan-bastiong-ternate"},"geometry":{"coordinates":[127.37588087480697,0.763661393419099],"type":"Point"},"id":14},{"type":"Feature","geometry":{"type":"LineString","coordinates":[[127.6086044,-0.2169795],[127.536667,-0.061667],[127.510002,-0.005],[127.48333,0.055],[127.4731636,0.0803375],[127.4460196,0.1195191],[127.451668,0.12],[127.4700737,0.1300978],[127.471664,0.155],[127.458336,0.248333],[127.449997,0.313333],[127.448334,0.328333],[127.4393463,0.3312671],[127.445374,0.334908],[127.446869,0.337395],[127.449776,0.35461],[127.450676,0.4135287],[127.4498177,0.4335267],[127.450638,0.445132],[127.45079,0.447158],[127.446663,0.451667],[127.439934,0.454862],[127.4381018,0.454104],[127.4387884,0.4569148],[127.4368572,0.4636094],[127.419998,0.49],[127.389999,0.523333],[127.376663,0.543333],[127.363335,0.585],[127.358017,0.627768],[127.351891,0.647963],[127.3506832,0.6686917],[127.354279,0.682157],[127.357704,0.690295],[127.3631287,0.6988161],[127.369566,0.7069694],[127.3804665,0.7237051],[127.3815823,0.7341756],[127.3758209,0.761977],[127.3757619,0.7633395],[127.3758209,0.7619824],[127.3815823,0.7341756],[127.3804665,0.7237051],[127.369566,0.7069694],[127.3630428,0.6987303],[127.3577213,0.6903195],[127.3543739,0.6821662],[127.3506832,0.6686917],[127.3519707,0.6481795],[127.3579788,0.6280964],[127.3633003,0.5850118],[127.3766899,0.5433001],[127.3900795,0.5233883],[127.4199915,0.4900014],[127.4368572,0.4636523],[127.4387884,0.4569363],[127.4380803,0.454104],[127.4399471,0.4548335],[127.4466848,0.4516793],[127.4507618,0.4471733],[127.4498177,0.4335267],[127.4507618,0.4136145],[127.4497747,0.3546072],[127.446878,0.3373985],[127.4453759,0.3349309],[127.4393463,0.3312671],[127.4483371,0.3283435],[127.4499893,0.3134521],[127.4583149,0.2482216],[127.4716187,0.1551817],[127.4700737,0.1301192],[127.451663,0.1200127],[127.4460196,0.1195191],[127.4731636,0.0803375],[127.4832058,0.0550175],[127.509985,-0.0049782],[127.6099777,-0.2200693],[127.6350403,-0.2695074],[127.6601028,-0.3278714],[127.6899719,-0.3913849],[127.719841,-0.4499198],[127.7215576,-0.4799596],[127.7066231,-0.4983267],[127.6966667,-0.5099992],[127.6533222,-0.5599505],[127.6483226,-0.5666664],[127.6405334,-0.5763434],[127.6200414,-0.6015977],[127.6066303,-0.6166601],[127.6028752,-0.6200288],[127.6013947,-0.6209729],[127.6029181,-0.6200073],[127.6066089,-0.6166601],[127.6200414,-0.6016406],[127.6517344,-0.5648855],[127.695,-0.515],[127.769997,-0.431667],[127.829996,-0.3566591],[127.8316355,-0.3543819],[127.8333735,-0.3523006],[127.8353906,-0.3516032],[127.8333843,-0.3523006],[127.8316355,-0.3543819],[127.8299966,-0.3566591],[127.7699661,-0.4316384],[127.694993,-0.5149772],[127.6517344,-0.5649284],[127.6200199,-0.6015848],[127.619977,-0.6016621],[127.606684,-0.6166387],[127.6029074,-0.6199752],[127.6013893,-0.6209836],[127.6029021,-0.6199752],[127.6066947,-0.6166387],[127.620003,-0.601667],[127.6405334,-0.5763648],[127.648331,-0.566667],[127.6533008,-0.5599505],[127.696663,-0.51],[127.706665,-0.498333],[127.721664,-0.48],[127.720001,-0.45],[127.690002,-0.391667],[127.660004,-0.328333],[127.635002,-0.27],[127.610001,-0.22]]},"properties":{"name":"BIG-MOI-MKX-PLY-BBG-SKA","date":2026,"description":"Bastiong/Ternate ➜ Moti ➜ Makian ➜ Kayoa ➜ Babang ➜ Saketa ➜ Babang➜ Kayoa ➜ Makian ➜ Moti ➜ Bastiong/Ternate","ship":["KMP Portlink VIII"],"imo":9820099,"mmsi":525019684,"ticket":"online (trip.ferizy.com) for Ternate, for the other ports in the port or on the ferry","website":["https://www.asdp.id/","https://www.instagram.com/asdp.bitung/"],"image":["https://blue.kumparan.com/image/upload/fl_progressive,fl_lossy,c_fill,f_auto,q_auto:best,w_640/v1634025439/464cdef25d3032a223bd89008b32153501ad65f4a762f3fc628e2f2e52df83c6.jpg"],"color":"#2EFF2E","remarks":"Many departures every month."},"id":"11"},{"type":"Feature","properties":{"description":"Pelabuhan penyeberangan Saketa","code":"SKA","link":""},"geometry":{"coordinates":[127.83546662889165,-0.35162507909630847],"type":"Point"},"id":15},{"type":"Feature","properties":{"description":"Pelabuhan penyeberangan Babang","code":"BBG","link":""},"geometry":{"coordinates":[127.60143674245171,-0.6209920421552368],"type":"Point"},"id":16},{"type":"Feature","properties":{"description":"Pelabuhan penyeberangan Kayoa","code":"PLY","link":""},"geometry":{"coordinates":[127.44602674725257,0.11955002448519281],"type":"Point"},"id":17},{"type":"Feature","properties":{"description":"Pelabuhan penyeberangan Makian","code":"MKX","link":""},"geometry":{"coordinates":[127.43936198106002,0.33127228643668616],"type":"Point"},"id":18},{"type":"Feature","properties":{"description":"Pelabuhan penyeberangan Moti","code":"MOI","link":""},"geometry":{"coordinates":[127.43815070406094,0.45404628176780193],"type":"Point"},"id":19},{"type":"Feature","geometry":{"type":"LineString","coordinates":[[127.375771,0.76319],[127.3729134,0.7564039],[127.3606396,0.7473066],[127.330856,0.741462],[127.3133449,0.7438743],[127.299011,0.747652],[127.178909,0.784368],[127.054306,0.819698],[126.9283104,0.8566764],[126.806664,0.891667],[126.683334,0.928333],[126.559998,0.965],[126.431664,1.001667],[126.309998,1.038333],[126.18,1.076667],[126.058352,1.1116951],[125.926666,1.151667],[125.803337,1.186667],[125.68,1.223333],[125.547585,1.263933],[125.42617,1.299592],[125.3045869,1.3351043],[125.184242,1.370603],[125.165878,1.375985],[125.154572,1.38152],[125.1509392,1.3938065],[125.15667,1.408333],[125.1759481,1.4308205],[125.1833725,1.4341239],[125.1974058,1.4361403],[125.2019978,1.4379074],[125.2030706,1.4396154],[125.2022982,1.4412457],[125.200706,1.440935],[125.2022982,1.4412457],[125.2030706,1.4396154],[125.2019978,1.4379047],[125.1974058,1.4361403],[125.1833725,1.4341186],[125.1759481,1.4308232],[125.1566792,1.4083398],[125.15095,1.3937958],[125.1545978,1.3815256],[125.1658845,1.3760126],[125.1842523,1.3706283],[125.3045654,1.3351043],[125.4261446,1.2996227],[125.5476165,1.263926],[125.6800318,1.2233377],[125.8033276,1.1866746],[125.9266663,1.151663],[126.0583735,1.1116951],[126.180017,1.0766612],[126.3099861,1.0383443],[126.4316726,1.0016575],[126.5599895,0.9650132],[126.6833282,0.9283256],[126.8066454,0.8916805],[126.9283104,0.8566871],[127.0543313,0.8196873],[127.1789145,0.7843607],[127.2990131,0.7476606],[127.3133449,0.7438743],[127.3308536,0.7414626],[127.3606342,0.7473066],[127.372908,0.7564039],[127.375778,0.7631893]]},"properties":{"name":"BIG-BIT","date":2026,"description":"Bastiong/Ternate ➜ Bitung ➜ Bastiong/Ternate","ship":["KMP Portlink VIII"],"imo":9820099,"mmsi":525019684,"ticket":"online (trip.ferizy.com) for both Bitung and Ternate.","website":["https://www.asdp.id/","https://www.instagram.com/asdp.bitung/"],"image":["https://blue.kumparan.com/image/upload/fl_progressive,fl_lossy,c_fill,f_auto,q_auto:best,w_640/v1634025439/464cdef25d3032a223bd89008b32153501ad65f4a762f3fc628e2f2e52df83c6.jpg"],"color":"#2EFF2E","remarks":"Many departures every month."},"id":"12"},{"type":"Feature","geometry":{"type":"LineString","coordinates":[[104.1320068,1.0333616],[104.1328765,1.0338201],[104.1337287,1.0342304],[104.1343161,1.0345134],[104.134933,1.035357],[104.136383,1.036933],[104.138062,1.038838],[104.139534,1.040407],[104.141045,1.041985],[104.142426,1.043712],[104.143585,1.04563],[104.144455,1.047725],[104.1453266,1.0498008],[104.146637,1.052322],[104.1477406,1.0542766],[104.1489556,1.0565508],[104.150169,1.058437],[104.151398,1.060325],[104.152763,1.06203],[104.1547573,1.0640892],[104.156357,1.065465],[104.158035,1.066697],[104.1597569,1.0678007],[104.1615486,1.0688198],[104.1633189,1.0697101],[104.165123,1.070612],[104.1669372,1.0715122],[104.16877,1.072327],[104.1705823,1.073081],[104.172447,1.073748],[104.1746351,1.0745372],[104.1764617,1.0751379],[104.178429,1.075653],[104.1804957,1.0761892],[104.182449,1.076575],[104.184761,1.07703],[104.1866648,1.0769401],[104.188393,1.076352],[104.1903985,1.0755134],[104.1925442,1.0745801],[104.194267,1.073872],[104.19631,1.0732527],[104.1993678,1.0717804],[104.2027983,1.0701311],[104.204544,1.069018],[104.206291,1.067928],[104.2077899,1.0669613],[104.20929,1.065958],[104.21077,1.064872],[104.211998,1.063858],[104.212975,1.06305],[104.2137659,1.0624077],[104.214478,1.061777],[104.215149,1.061217],[104.2160189,1.0605707],[104.216957,1.059932],[104.218025,1.059572],[104.2190109,1.0597769],[104.2192644,1.0602864],[104.2190659,1.0606619],[104.2192644,1.0602864],[104.2190123,1.0597769],[104.2180252,1.0595718],[104.2169577,1.0599351],[104.2160189,1.0605707],[104.2151499,1.0612143],[104.2144793,1.0617775],[104.2137659,1.062405],[104.2129746,1.0630486],[104.2119956,1.0638639],[104.2107725,1.0648722],[104.2092919,1.0659557],[104.2077899,1.066964],[104.2062879,1.0679294],[104.2045391,1.0690236],[104.202801,1.0701284],[104.1993678,1.0717804],[104.19631,1.07325],[104.1942662,1.0738722],[104.1925442,1.0745801],[104.1903985,1.0755134],[104.1883922,1.0763501],[104.1866675,1.0769401],[104.1847578,1.0770312],[104.1824484,1.0765753],[104.1804957,1.0761892],[104.1784278,1.0756501],[104.1764617,1.0751379],[104.1746378,1.0745372],[104.1724464,1.0737515],[104.1705823,1.0730784],[104.1687691,1.0723248],[104.1669345,1.0715122],[104.1651294,1.0706138],[104.1633189,1.0697101],[104.1615486,1.0688198],[104.1597569,1.0678007],[104.1580376,1.0666958],[104.1563559,1.0654622],[104.1547573,1.0640892],[104.1527617,1.0620296],[104.1513991,1.060324],[104.1501653,1.0584307],[104.148953,1.0565481],[104.1477406,1.054274],[104.1466355,1.0523216],[104.1453266,1.0498008],[104.1444549,1.0477251],[104.1435885,1.0456321],[104.1424271,1.0437132],[104.141044,1.0419844],[104.139533,1.0404049],[104.1380632,1.0388387],[104.1363841,1.0369337],[104.1349331,1.0353568],[104.134315,1.034513],[104.1328758,1.0338201],[104.1320068,1.0333622]]},"properties":{"name":"BTM-ITN","date":2026,"description":"Telaga Punggur ↔ Tanjung Uban","ship":["KMP Barau","KMP Tri Sakti Adina","KMP Mulia Nusantara","KMP Niaga Ferry II"],"imo":8994544,"mmsi":525019443,"ticket":"online (trip.ferizy.com) for both Telaga Punggur and Tanjung Uban.","website":["https://www.asdp.id/","https://www.instagram.com/asdp.batam/"],"image":["https://www.batamnews.co.id/foto_berita/2026/01/2026-01-06-jadwal-penyeberangan-roro-telaga-punggur-tanjung-uban-pp-selasa-6-januari-2026.png","https://media.suara.com/pictures/653x366/2022/05/27/14378-kmp-trisakti-adinda.webp","https://www.batamnews.co.id/foto_berita/2024/12/2024-12-25-spesifikasi-kmp-mulia-nusantara-di-pelabuhan-punggur-batam-kapal-berusia-42-tahun-alami-kerusakan-parah.jpeg","https://upload.wikimedia.org/wikipedia/commons/thumb/0/06/Bali-Strait_Indonesia_KMP-Niaga-Ferry-II-01.jpg/960px-Bali-Strait_Indonesia_KMP-Niaga-Ferry-II-01.jpg?_=20150921152333"],"color":"#00D100","remarks":"Many departures every day."},"id":"13"},{"type":"Feature","properties":{"description":"Pelabuhan penyeberangan Telaga Punggur","code":"BTM","link":"https://www.asdp.id/pelabuhan/pelabuhan-telaga-punggur-batam"},"geometry":{"coordinates":[104.13203617615574,1.0333438371891788],"type":"Point"},"id":20},{"type":"Feature","properties":{"description":"Pelabuhan penyeberangan Tanjung Uban","code":"ITN","link":"https://www.asdp.id/pelabuhan/pelabuhan-tanjung-uban"},"geometry":{"coordinates":[104.2190712420533,1.0606419731540626],"type":"Point"},"id":21},{"type":"Feature","geometry":{"type":"LineString","coordinates":[[104.2190632,1.0606672],[104.2192912,1.0599378],[104.2178509,1.0593076],[104.2136478,1.0610749],[104.2077684,1.0676291],[104.2030585,1.0927837],[104.2586231,1.1898926],[104.2627215,1.192231],[104.3416134,1.2250566],[104.3747091,1.2400708],[104.4616556,1.2750384],[104.4930911,1.2881243],[104.5766044,1.3242496],[104.7185898,1.3837995],[104.7540379,1.4267019],[104.8133361,1.4983365],[104.859945,1.554652],[104.8934269,1.5947857],[104.943927,1.655608],[104.9747622,1.6956917],[105.0239754,1.7531186],[105.058136,1.7947694],[105.10397,1.849785],[105.1431084,1.8965118],[105.183345,1.946798],[105.2280807,1.9979051],[105.263315,2.04353],[105.3116798,2.1016937],[105.346622,2.143002],[105.43,2.245],[105.511667,2.341667],[105.5916595,2.4383143],[105.64701,2.506277],[105.71,2.626667],[105.768888,2.745145],[105.8288527,2.863578],[105.836695,2.880128],[105.8316851,2.8850515],[105.8191752,2.9034494],[105.8132207,2.9044995],[105.819186,2.9034494],[105.834762,2.901058],[105.8400106,2.903353],[105.888333,2.93],[106.0134315,3.01007],[106.1250114,3.0800089],[106.1400962,3.0982643],[106.1567688,3.1184905],[106.1620045,3.1430872],[106.181667,3.235],[106.2190711,3.2876555],[106.2284374,3.3026511],[106.2375355,3.3271147],[106.2399065,3.3260276],[106.2383938,3.33084],[106.2577915,3.3924481],[106.275597,3.414835],[106.3500166,3.4250918],[106.4049482,3.3750549],[106.43,3.36],[106.4547729,3.3520062],[106.5395844,3.3288606],[106.5933037,3.3136191],[106.7250109,3.2766444],[106.8598938,3.2400111],[106.9833641,3.2049618],[107.1081161,3.1703399],[107.193333,3.146667],[107.3384857,3.1051207],[107.4829388,3.0638102],[107.6261902,3.0236124],[107.7157974,2.9965273],[107.7350074,2.9933345],[107.7366114,2.9933131],[107.745291,3.0009201],[107.7366114,2.993522],[107.7285433,2.9951559],[107.7235222,2.9972987],[107.7199817,3.0016701],[107.7285004,3.0152127],[107.798333,3.085],[107.8167343,3.113434],[107.8720093,3.2238149],[107.9301167,3.3417241],[107.953333,3.426667],[107.9733753,3.4982574],[107.996667,3.59],[108.015089,3.6567347],[108.0183291,3.6666708],[108.0533051,3.6913391],[108.0550003,3.6933305],[108.055,3.695],[108.0481339,3.7776727],[108.0416,3.7936024],[108.0382633,3.7965998],[108.0415893,3.7936238],[108.0481339,3.777587],[108.0616951,3.6800168],[108.151667,3.621667],[108.1749058,3.6116786],[108.308333,3.596667],[108.3215904,3.5966879],[108.39,3.655],[108.4169483,3.6852577],[108.425,3.705],[108.4549713,3.7733476],[108.458333,3.786667],[108.4466457,3.8933702],[108.4351444,3.8974377],[108.416667,3.898333],[108.4064904,3.8973802],[108.393023,3.892364],[108.4064904,3.8973815],[108.4166598,3.8983369],[108.435,3.898333],[108.4475899,3.8934558],[108.4687042,3.7779296],[108.4831238,3.7536063],[108.5579681,3.6323225],[108.6231995,3.5233586],[108.6898041,3.4133539],[108.7715149,3.2769443],[108.8446426,3.1549139],[108.9100027,3.0466685],[108.906667,3.035],[108.8903904,3.0227339],[108.916667,3.04],[108.9232421,3.0334263],[108.943305,3.0100271],[108.9882374,2.9234114],[108.9999104,2.9001813],[108.998333,2.786667],[108.951667,2.638333],[108.918333,2.535],[108.9085007,2.4991118],[108.9116764,2.4730439],[108.94,2.448333],[108.9834309,2.4416587],[109.0099955,2.4616818],[109.0037298,2.4937222],[109.0062135,2.4978417],[109.0037298,2.4937356],[109.013333,2.461667],[109.0150166,2.4566654],[108.9967346,2.4200488],[108.96,2.341667],[108.948333,2.315],[108.9400005,2.2949922],[108.94,2.258333],[108.9318466,2.1672229],[108.928333,2.105],[108.9249802,2.0421662],[108.92,1.976667],[108.9133072,1.8872471],[108.91,1.828333],[108.9035225,1.7257941],[108.9,1.671667],[108.8947678,1.5950431],[108.891667,1.533333],[108.8883305,1.4684023],[108.881667,1.378333],[108.8800049,1.3399314],[108.871667,1.226667],[108.8716793,1.2099511],[108.8932228,1.1967361],[108.949914,1.1916732],[108.9685822,1.1953631],[108.9933014,1.2066474],[109.066666,1.201667],[109.0699053,1.2013378],[109.0723944,1.2010267],[109.0699053,1.2013378],[109.0666759,1.2016703],[108.993332,1.206667],[108.9685822,1.1953631],[108.949914,1.1916732],[108.8932228,1.1967361],[108.871666,1.21],[108.8716793,1.2266843],[108.879997,1.34],[108.8816357,1.3783305],[108.888336,1.468333],[108.8916779,1.5330964],[108.8947678,1.5951289],[108.8999176,1.6712298],[108.903336,1.725],[108.9100456,1.8287414],[108.91333,1.886667],[108.920002,1.9766319],[108.925003,2.041667],[108.9318466,2.1672229],[108.9399147,2.2581356],[108.940002,2.295],[108.9483261,2.3150818],[108.9599991,2.3416673],[108.996666,2.42],[109.014999,2.456667],[109.0133321,2.4616711],[109.0037298,2.4937579],[109.0062135,2.4978524],[109.0037298,2.4937525],[109.010002,2.461667],[108.98333,2.441667],[108.9400864,2.4482617],[108.9116764,2.4731296],[108.9085007,2.4991976],[108.918457,2.5351259],[108.951416,2.6381893],[108.9982796,2.7868529],[108.9999104,2.9001813],[108.9882374,2.9234114],[108.943336,3.01],[108.9232635,3.0333946],[108.9166653,3.0400045],[108.8903904,3.0227446],[108.906666,3.0350012],[108.910004,3.046667],[108.845001,3.155],[108.771667,3.276667],[108.690002,3.413333],[108.623337,3.523333],[108.558334,3.631667],[108.48333,3.753333],[108.4687042,3.7778868],[108.4475899,3.8934558],[108.4350157,3.8983369],[108.4166908,3.8983369],[108.406477,3.8973949],[108.3930016,3.892364],[108.4064877,3.8973829],[108.4166479,3.8983369],[108.4351659,3.8974377],[108.4466457,3.8933916],[108.4583187,3.7866653],[108.455002,3.773333],[108.4250164,3.7049577],[108.4169483,3.6852577],[108.3900833,3.6551073],[108.321663,3.596667],[108.3084583,3.5966879],[108.1749165,3.6116786],[108.1516778,3.6216687],[108.0616951,3.6800114],[108.0481339,3.777587],[108.0416,3.7936131],[108.038274,3.7965998],[108.0416107,3.7936024],[108.0481339,3.7776759],[108.0550003,3.6950007],[108.055,3.693333],[108.0533051,3.6913391],[108.0183291,3.6666922],[108.015089,3.6567347],[107.9966354,3.5900063],[107.973335,3.498333],[107.9532909,3.4266292],[107.93,3.341667],[107.8720093,3.2238149],[107.816666,3.113333],[107.7983665,3.0849799],[107.7285004,3.0152127],[107.7199817,3.0016701],[107.7235222,2.9972987],[107.7285433,2.9951559],[107.7366114,2.993522],[107.745291,3.0009201],[107.7366114,2.9933131],[107.735001,2.993333],[107.7157974,2.9965273],[107.6261902,3.0236124],[107.4830246,3.0637245],[107.3384857,3.1052064],[107.1934319,3.1466866],[107.1080303,3.1704256],[106.98333,3.205],[106.860001,3.24],[106.724998,3.276667],[106.5933466,3.3136191],[106.5395737,3.3288713],[106.4547944,3.3519848],[106.4300108,3.3599748],[106.404999,3.375],[106.3500166,3.4250811],[106.2756014,3.4148426],[106.2577915,3.3924481],[106.2384152,3.3308207],[106.2399065,3.3260222],[106.2375462,3.3271147],[106.228416,3.3026511],[106.2190711,3.2876663],[106.1816597,3.234998],[106.1567903,3.1185119],[106.1401176,3.0982857],[106.1250114,3.0800062],[106.0134315,3.01007],[105.95541,2.9729559],[105.8883333,2.9300011],[105.840016,2.903353],[105.8347642,2.90106],[105.819186,2.9034494],[105.8132207,2.9044995],[105.819186,2.9034494],[105.831665,2.885],[105.8367062,2.8801225],[105.8288097,2.863524],[105.7688999,2.745204],[105.7100201,2.6266938],[105.6470203,2.5063147],[105.5916595,2.4383143],[105.5117512,2.3417531],[105.4300404,2.2450136],[105.3465271,2.14295],[105.311668,2.101667],[105.262928,2.043024],[105.228333,1.998333],[105.1829338,1.9464372],[105.143333,1.896667],[105.1039696,1.8498449],[105.058334,1.795],[105.0239754,1.7530757],[104.97477,1.695697],[104.9438953,1.6556366],[104.893543,1.594795],[104.8599529,1.5545463],[104.813332,1.498333],[104.75415,1.426755],[104.7185898,1.3837995],[104.576607,1.324258],[104.4931126,1.2881243],[104.46167,1.275],[104.3747091,1.2400708],[104.341616,1.2250539],[104.262718,1.19223],[104.2586231,1.1898926],[104.203056,1.092783],[104.2077684,1.0676291],[104.2136478,1.0610802],[104.2178535,1.0593062],[104.2192939,1.0599378],[104.2190659,1.0606672]]},"properties":{"name":"IDN-KMX-MAT-MDA-SDU-PAJ-SUI-SRS-SNE","date":2026,"description":"Tanjung Uban → Kuala Maras → Matak → Midai → Sedanau → Penagi → Subi → Serasan → Sintete → Serasan → Subi → Penagi → Sedanau → Midai → Matak → Kuala Maras → Tanjung Uban","ship":["KMP Bahtera Nusantara 01"],"imo":9891165,"mmsi":525121006,"ticket":"online (trip.ferizy.com) for Tanjung Uban. For all the other ports either at the port or on the ferry.","website":["https://www.asdp.id/","https://www.instagram.com/asdp.batam/","https://anambasinfo.com/roro01/","https://www.instagram.com/info.kapalroro_tanjunguban/"],"image":["https://assets.pikiran-rakyat.com/crop/0x0:0x0/720x0/webp/photo/2024/02/24/588229395.jpg"],"color":"#2EFF2E","remarks":"A few times each month."},"id":"14"},{"type":"Feature","properties":{"description":"Pelabuhan penyeberangan Matak","code":"MAT","link":""},"geometry":{"coordinates":[106.23989418397588,3.3259882607706714],"type":"Point"},"id":22},{"type":"Feature","properties":{"description":"Pelabuhan penyeberangan Penagi","code":"PAJ","link":""},"geometry":{"coordinates":[108.39286762753511,3.892344558095914],"type":"Point"},"id":23},{"type":"Feature","properties":{"description":"Pelabuhan penyeberangan Sintete","code":"SNE","link":""},"geometry":{"coordinates":[109.07233473464674,1.201047834144191],"type":"Point"},"id":24},{"type":"Feature","geometry":{"type":"LineString","coordinates":[[104.2190766,1.0606351],[104.2193127,1.0596696],[104.213562,1.048535],[104.2101288,1.0367781],[104.2124891,0.9698941],[104.2341614,0.944953],[104.299221,0.8740658],[104.3220198,0.8548527],[104.3472111,0.7928571],[104.3507677,0.7899874],[104.4577074,0.7241128],[104.5676565,0.6570624],[104.586761,0.64646],[104.5924187,0.643545],[104.673534,0.6338896],[104.739275,0.6386529],[104.869051,0.6503252],[105.010063,0.665625],[105.139633,0.677317],[105.278679,0.689767],[105.3876293,0.7001893],[105.4103959,0.7016483],[105.5127811,0.7101449],[105.6377882,0.7219135],[105.8150768,0.7394967],[105.939987,0.751875],[106.073158,0.763633],[106.138687,0.770177],[106.733551,0.8253194],[107.1730042,0.8641106],[107.4662018,0.8939762],[107.5026798,0.9152595],[107.5322914,0.9406621],[107.5504017,0.9742816],[107.5492108,0.9760837],[107.5504017,0.9742816],[107.5376558,0.949716],[107.5367975,0.9466694],[107.54437,0.93326],[107.670915,0.959397],[107.795353,0.983837],[107.9077148,1.0059698],[108.0324268,1.029827],[108.1561089,1.0544563],[108.2891464,1.0827755],[108.464367,1.117817],[108.7440491,1.1747681],[108.8913345,1.1950199],[108.9496136,1.1915016],[108.9685822,1.1951915],[108.9933872,1.2066045],[109.0637684,1.2018848],[109.0723994,1.2010696],[109.0637684,1.2018848],[108.9933872,1.2066045],[108.9686251,1.1952344],[108.9496565,1.1915016],[108.8913345,1.1950199],[108.744019,1.174653],[108.464241,1.117788],[108.2894897,1.0827755],[108.155988,1.054423],[108.032341,1.029827],[107.907607,1.005943],[107.7953625,0.9838717],[107.670908,0.9593706],[107.558397,0.93617],[107.5443721,0.9332602],[107.5367868,0.9466694],[107.5376344,0.9497169],[107.5504017,0.9742816],[107.5492215,0.976073],[107.5504017,0.9742816],[107.5322914,0.9406621],[107.5026798,0.9152595],[107.4662018,0.8939762],[107.172775,0.864057],[106.734528,0.825062],[106.1387444,0.7702214],[106.0732126,0.763613],[105.9399819,0.7518767],[105.637787,0.72191],[105.5127785,0.7101449],[105.4103851,0.7016483],[105.387627,0.70019],[105.2786672,0.6897617],[105.139643,0.6773278],[105.0100708,0.6656449],[104.8690081,0.6503252],[104.739372,0.638685],[104.6735287,0.6338896],[104.5924187,0.643545],[104.5867538,0.646463],[104.5676565,0.6570624],[104.457726,0.72411],[104.350769,0.789985],[104.3472111,0.7928571],[104.3220198,0.8548527],[104.299221,0.8740658],[104.2341185,0.9449959],[104.2124891,0.9698941],[104.2101288,1.0367781],[104.213562,1.048535],[104.2193127,1.0596696],[104.2190713,1.0606351]]},"properties":{"name":"IDN-ITY-SNE","date":2026,"description":"Tanjung Uban → Tambelan → Sintete → Tambelan → Tanjung Uban","ship":["KMP Bahtera Nusantara 03"],"imo":9980021,"mmsi":525401544,"ticket":"online (trip.ferizy.com) for Tanjung Uban. For all the other ports either at the port or on the ferry.","website":["https://www.asdp.id/","https://www.instagram.com/asdp.batam/","https://anambasinfo.com/roro03/","https://www.instagram.com/info.kapalroro_tanjunguban/"],"image":["https://www.batamnews.co.id/foto_berita/2025/06/2025-06-09-jadwal-terbaru-kmp-bahtera-nusantara-03-untuk-rute-tanjung-uban-tambelan-sintete-pp-periode-6-27-juni-2025.jpeg"],"color":"#00D100","remarks":"A few times each month."},"id":"15"},{"type":"Feature","properties":{"description":"Pelabuhan penyeberangan Tambelan","code":"ITY","link":""},"geometry":{"coordinates":[107.54923031313643,0.9760108546624338],"type":"Point"},"id":25},{"type":"Feature","geometry":{"type":"LineString","coordinates":[[104.4830167,0.8678116],[104.4810855,0.8677687],[104.478333,0.866667],[104.4766653,0.865886],[104.4749902,0.865001],[104.4724917,0.8637137],[104.4676343,0.8602916],[104.4650888,0.8517095],[104.4602394,0.8441143],[104.4554329,0.8375382],[104.4499934,0.8299966],[104.434104,0.8066638],[104.428337,0.798333],[104.405754,0.76445],[104.3983206,0.7533357],[104.3973309,0.7483687],[104.3824983,0.6835501],[104.3750095,0.656762],[104.3666732,0.6183874],[104.349947,0.5399958],[104.338333,0.491667],[104.333336,0.468333],[104.3150568,0.4567003],[104.3066883,0.452838],[104.2500401,0.4266604],[104.2399979,0.4066624],[104.2317581,0.391857],[104.228333,0.376667],[104.2433023,0.3450802],[104.2602539,0.2834118],[104.279999,0.211667],[104.3116236,0.1733777],[104.348335,0.131667],[104.3633366,0.1066875],[104.3633366,0.0550175],[104.3617058,-0.0433445],[104.3617058,-0.1116657],[104.3599892,-0.1900288],[104.360001,-0.235],[104.3566418,-0.2933251],[104.3633366,-0.3016506],[104.4017029,-0.3283006],[104.4083333,-0.3299957],[104.4399941,-0.3316694],[104.4574499,-0.3351669],[104.4633293,-0.3382997],[104.4652283,-0.3397695],[104.4633293,-0.3382997],[104.4574606,-0.3351669],[104.440002,-0.331667],[104.408333,-0.33],[104.4017029,-0.3283006],[104.363335,-0.301667],[104.3566418,-0.2932822],[104.3599892,-0.2350038],[104.360001,-0.19],[104.361664,-0.111667],[104.361664,-0.043333],[104.363335,0.055],[104.363335,0.106667],[104.3483162,0.1316642],[104.311668,0.173333],[104.279995,0.211658],[104.2602539,0.2833689],[104.2433023,0.3450802],[104.2283249,0.3766223],[104.2317581,0.391814],[104.239998,0.406667],[104.25,0.426667],[104.306664,0.452873],[104.3150568,0.4567003],[104.3333173,0.4683299],[104.3383598,0.4916536],[104.349947,0.5399851],[104.366684,0.6183981],[104.3750095,0.656762],[104.382507,0.683548],[104.397331,0.74837],[104.3983233,0.7533357],[104.4283533,0.7983283],[104.434105,0.80666],[104.449997,0.83],[104.4554329,0.8375489],[104.4602501,0.844125],[104.4650888,0.8517095],[104.4676316,0.8602916],[104.4724917,0.863703],[104.4749916,0.865001],[104.476677,0.865887],[104.4783336,0.8666691],[104.4810855,0.8677687],[104.4830221,0.8678116]]},"properties":{"name":"DMK-DAS","date":2026,"description":"Tanjung Pinang/Dompak ↔ Dabo","ship":["KMP Kundur"],"imo":9672868,"mmsi":525016724,"ticket":"For all the ports either at the port or on the ferry.","website":["https://www.asdp.id/","https://www.instagram.com/asdp.batam/","https://www.instagram.com/info.kapalroro_tanjunguban/"],"image":["./images/ferry/KMP.+Kundur.jpeg"],"color":"#008800","remarks":"A few times each week."},"id":"16"},{"type":"Feature","properties":{"description":"Pelabuhan penyeberangan Dabo","code":"DAS","link":""},"geometry":{"coordinates":[104.46525241105991,-0.33979968050694254],"type":"Point"},"id":26},{"type":"Feature","properties":{"description":"Pelabuhan penyeberangan Dompak","code":"DMK","link":""},"geometry":{"coordinates":[104.48308118739214,0.867845304658573],"type":"Point"},"id":27},{"type":"Feature","geometry":{"type":"LineString","coordinates":[[104.4830221,0.8678116],[104.4810855,0.8677687],[104.4783304,0.8666584],[104.476671,0.8658883],[104.4749916,0.8650117],[104.4725025,0.8637137],[104.4676316,0.8602916],[104.4650888,0.8516987],[104.4602394,0.8441143],[104.456656,0.8416684],[104.4233537,0.8350172],[104.3916607,0.8333651],[104.3882865,0.8350601],[104.3816185,0.8433419],[104.3561268,0.8723923],[104.32,0.9],[104.28801,0.919817],[104.268322,0.9316725],[104.2166948,0.9683386],[104.207581,0.97654],[104.2035842,0.9817692],[104.200836,1.026563],[104.201141,1.036337],[104.20121,1.038047],[104.2010736,1.0403181],[104.1921043,1.0791713],[104.1878986,1.1008852],[104.1871262,1.1048085],[104.1837251,1.1139263],[104.1734791,1.1407996],[104.166664,1.165],[104.1651106,1.1764415],[104.162033,1.18438],[104.154497,1.189643],[104.1364646,1.1959638],[104.130671,1.1983451],[104.1247272,1.2008229],[104.1156185,1.2050277],[104.1028512,1.210702],[104.0909851,1.2162153],[104.080857,1.220219],[104.0764689,1.2216322],[104.0640718,1.2205595],[104.0584874,1.2200983],[104.0486598,1.2189613],[104.013733,1.215893],[104.000152,1.214963],[103.9952517,1.2143704],[103.9732361,1.2068619],[103.9649105,1.2035152],[103.9291191,1.1994821],[103.9045393,1.1962641],[103.8969541,1.1953202],[103.8870192,1.1938185],[103.8811129,1.1917751],[103.8754749,1.1886269],[103.8667202,1.1834138],[103.8587809,1.1788228],[103.8463408,1.1720597],[103.8371408,1.1668519],[103.830457,1.163167],[103.8248329,1.15972],[103.8094497,1.1511696],[103.7748814,1.1309175],[103.772659,1.129732],[103.7635732,1.1209846],[103.7439823,1.0989088],[103.7273312,1.0812308],[103.7102509,1.0632095],[103.6969471,1.0499081],[103.6802959,1.0426351],[103.664383,1.036292],[103.64959,1.0301273],[103.6260939,1.0224682],[103.5939503,1.0103465],[103.578632,1.00456],[103.5535347,0.9938803],[103.5250282,0.9815976],[103.5115957,0.9776928],[103.502068,0.974955],[103.499756,0.974557],[103.44677,0.974827],[103.4344983,0.9748608],[103.4138775,0.9744317],[103.3952093,0.9739597],[103.3786225,0.9737023],[103.364128,0.973902],[103.355003,0.98],[103.348335,0.99],[103.3516717,0.9999626],[103.3529377,1.0035133],[103.3516717,0.9999733],[103.348335,0.9899997],[103.355003,0.9799992],[103.3641252,0.9739007],[103.3786011,0.9737023],[103.3952093,0.9739812],[103.413895,0.974428],[103.4344983,0.9748608],[103.4467936,0.9748179],[103.4997565,0.9745551],[103.5020685,0.9749574],[103.5115957,0.9776928],[103.5250282,0.9815976],[103.553524,0.9938695],[103.5786724,1.0045538],[103.5939932,1.0103465],[103.6260939,1.0224682],[103.649622,1.030138],[103.6643744,1.0362847],[103.6802959,1.0426137],[103.6969471,1.0499081],[103.7102509,1.0632095],[103.7273312,1.0812308],[103.7439823,1.0989088],[103.7635732,1.1209846],[103.7726283,1.1297376],[103.7748814,1.1309175],[103.809479,1.151177],[103.824829,1.159725],[103.830446,1.163162],[103.837143,1.166847],[103.8463354,1.172065],[103.8587809,1.1788442],[103.8666987,1.1833923],[103.8754749,1.1886269],[103.8811183,1.1917804],[103.8870245,1.1938238],[103.89695,1.195325],[103.9045447,1.1962641],[103.9291191,1.1994821],[103.9649105,1.2035152],[103.9732361,1.2068619],[103.9952517,1.2143704],[104.0001534,1.214963],[104.0137294,1.2158935],[104.04863,1.218967],[104.058456,1.220093],[104.064067,1.220557],[104.076469,1.221627],[104.080857,1.2202163],[104.090981,1.216215],[104.102844,1.210705],[104.115623,1.205028],[104.124733,1.200808],[104.130676,1.198347],[104.136467,1.195967],[104.1544998,1.1896405],[104.1620314,1.1843845],[104.1651,1.176435],[104.1666555,1.1650284],[104.1734791,1.1407969],[104.183723,1.113952],[104.1871262,1.1048085],[104.1878986,1.1008825],[104.192108,1.079182],[104.2010736,1.0402966],[104.2012024,1.038001],[104.201138,1.0362847],[104.2008162,1.0265659],[104.203583,0.981768],[104.2075753,0.976545],[104.2167002,0.9683386],[104.268333,0.931667],[104.2880094,0.9198187],[104.3199921,0.900005],[104.3561268,0.8723923],[104.381668,0.843333],[104.3882918,0.8350601],[104.3916607,0.8333651],[104.423332,0.835],[104.456665,0.841667],[104.4602394,0.8440928],[104.4651103,0.8517095],[104.4676316,0.8602916],[104.4724917,0.8636815],[104.4749916,0.865001],[104.4766706,0.865886],[104.4783282,0.8666638],[104.4810855,0.8677687],[104.4830167,0.8678116]]},"properties":{"name":"DMK-PTK","date":2026,"description":"Tanjung Pinang/Dompak ↔ Tanjung Balai Karimun/Rempak","ship":["KMP Kundur"],"imo":9672868,"mmsi":525016724,"ticket":"For all the ports either at the port or on the ferry.","website":["https://www.asdp.id/","https://www.instagram.com/asdp.batam/","https://www.instagram.com/info.kapalroro_tanjunguban/"],"image":["./images/ferry/KMP.+Kundur.jpeg"],"color":"#008800","remarks":"A few times each week."},"id":"17"},{"type":"Feature","properties":{"description":"Pelabuhan penyeberangan Rempak","code":"PTK","link":""},"geometry":{"coordinates":[103.35297688290552,1.0034896273617733],"type":"Point"},"id":28},{"type":"Feature","geometry":{"type":"LineString","coordinates":[[104.2083263,0.3824587],[104.1895294,0.3620314],[104.1771698,0.323065],[104.1579437,0.261611],[104.1182041,0.144882],[104.0278244,-0.1419423],[103.9918613,-0.2244467],[103.954853,-0.279385],[103.914547,-0.33299],[103.8812256,-0.3755924],[103.825632,-0.447525],[103.7576294,-0.5391804],[103.7236404,-0.5836386],[103.6608124,-0.6674043],[103.6366081,-0.697443],[103.609242,-0.72703],[103.570492,-0.756782],[103.5153723,-0.7882013],[103.4908998,-0.7995084],[103.4864259,-0.8015896],[103.4832931,-0.8030593],[103.4864366,-0.8015788],[103.4908891,-0.7995084],[103.5153723,-0.7882013],[103.5704756,-0.7567901],[103.6091423,-0.7271381],[103.6366081,-0.697443],[103.660767,-0.667487],[103.7236404,-0.5836386],[103.7574577,-0.5395237],[103.8256073,-0.447345],[103.8819122,-0.3749058],[103.9155579,-0.3316479],[103.9546967,-0.2794636],[103.9917755,-0.2245325],[104.0278244,-0.1417922],[104.118217,0.144825],[104.157932,0.261532],[104.177312,0.323498],[104.189538,0.362027],[104.2459202,0.4234848],[104.275517,0.436837],[104.3061733,0.4530955],[104.327337,0.467445],[104.3368578,0.4800883],[104.3387461,0.487727],[104.3411064,0.496181],[104.3508911,0.535919],[104.3563843,0.5563458],[104.3629074,0.5826945],[104.3776703,0.6484202],[104.386425,0.6835394],[104.3910599,0.7137495],[104.3932915,0.7382952],[104.381876,0.7525418],[104.3517494,0.7902181],[104.3416214,0.8010317],[104.339402,0.803912],[104.299708,0.855968],[104.292018,0.865255],[104.272975,0.888118],[104.2532158,0.9117838],[104.2360067,0.9323376],[104.2115879,0.9599284],[104.1925764,0.980439],[104.1794014,0.9852448],[104.1667843,0.9860601],[104.1583729,0.9872616],[104.1510773,1.0055407],[104.149328,1.011197],[104.1479015,1.0207518],[104.146835,1.024452],[104.140513,1.035347],[104.1391146,1.0370463],[104.1350269,1.0357376],[104.1328758,1.033678],[104.1316044,1.0329217],[104.1315991,1.0329217],[104.132877,1.033678],[104.13502,1.035732],[104.139112,1.037038],[104.1405094,1.0353514],[104.1468287,1.024442],[104.147897,1.020758],[104.1493177,1.0112047],[104.151083,1.005555],[104.1583729,0.9872616],[104.1667843,0.9860601],[104.179393,0.985227],[104.192568,0.980453],[104.211592,0.959955],[104.2360067,0.9322947],[104.253223,0.911755],[104.2729568,0.8881404],[104.2920542,0.8652263],[104.299736,0.8559576],[104.3394113,0.8039068],[104.3416214,0.8010066],[104.351767,0.790183],[104.3932915,0.7382952],[104.391047,0.713527],[104.386367,0.683513],[104.377698,0.648333],[104.362868,0.582667],[104.35653,0.556267],[104.350718,0.535822],[104.341122,0.496217],[104.338757,0.487705],[104.336848,0.480087],[104.3274593,0.4675146],[104.306155,0.453068],[104.2754459,0.4369598],[104.2459202,0.4233989],[104.2083263,0.3824587]]},"properties":{"name":"BTM-KTK","date":2026,"description":"Telaga Punggur ↔ Kuala Tungkal","ship":["KMP Sembilang"],"imo":8662567,"mmsi":525119137,"ticket":"online (trip.ferizy.com) for Telaga Punggur. For all the other ports either at the port or on the ferry.","website":["https://www.asdp.id/","https://www.instagram.com/asdp.batam/","https://www.instagram.com/info.kapalroro_tanjunguban/","https://www.instagram.com/porter.kualatungkal/"],"image":["https://asset.tribunnews.com/DOlcdX3TfjoLhKCVuh6YELP1DZY=/1200x675/filters:upscale():quality(30):format(webp):focal(0.5x0.5:0.5x0.5)/jambi/foto/bank/originals/Jadwal-Keberangkatan-Kapal-KMP-Sembilang-Kuala-Tungkal-ke-Batam-Hari-ini-Minggu-23-Juni-2024.jpg"],"color":"#2EFF2E","remarks":"A few times each week."},"id":"17"},{"type":"Feature","properties":{"description":"Pelabuhan penyeberangan Kuala Tungkal","code":"KTK","link":""},"geometry":{"coordinates":[103.48325088768729,-0.8030853773536535],"type":"Point"},"id":29},{"type":"Feature","geometry":{"type":"LineString","coordinates":[[104.1315722,1.032911],[104.1329187,1.0336834],[104.1349733,1.0356698],[104.1371083,1.0373359],[104.1417868,1.0367352],[104.1432238,1.0355445],[104.1452193,1.0291512],[104.1473463,1.0237876],[104.1499668,1.0104806],[104.1514823,1.0048448],[104.1564846,0.9891925],[104.1587698,0.9868807],[104.1869813,0.9837323],[104.1975009,0.9809378],[104.2036325,0.9767435],[104.2205197,0.959384],[104.2360711,0.9405977],[104.2602754,0.9107111],[104.280231,0.8867244],[104.2968178,0.8668569],[104.3067527,0.8553676],[104.3216443,0.8380263],[104.3251231,0.8329575],[104.3478656,0.7928571],[104.3602842,0.7835078],[104.3814468,0.7661019],[104.3929052,0.7487227],[104.3970305,0.7295022],[104.384453,0.67935],[104.3684931,0.6112102],[104.3503547,0.5350393],[104.334712,0.4722351],[104.3144131,0.4577731],[104.24923,0.424723],[104.2360497,0.3905266],[104.2329168,0.3775343],[104.231905,0.343593],[104.2787933,0.2114863],[104.3416214,0.137329],[104.3577576,0.1057494],[104.3579292,-0.0281847],[104.3586159,-0.1359557],[104.3584442,-0.292853],[104.3629074,-0.2997194],[104.4016171,-0.3271848],[104.4078827,-0.3292447],[104.4397259,-0.3314763],[104.4575787,-0.3350596],[104.4632435,-0.3382568],[104.4652176,-0.3397802],[104.4632435,-0.3382568],[104.4574928,-0.3353815],[104.4395971,-0.3319054],[104.4089127,-0.3304463],[104.2362213,-0.3117355],[104.1332245,-0.3210051],[103.9442629,-0.4667019],[103.9131546,-0.4906237],[103.8606691,-0.5323786],[103.8105869,-0.572052],[103.7602901,-0.6117895],[103.7011528,-0.6594226],[103.6208904,-0.7196714],[103.5715485,-0.756833],[103.5155824,-0.7882583],[103.4832931,-0.80307],[103.5155869,-0.7882442],[103.5715485,-0.756833],[103.62089,-0.719663],[103.672237,-0.681077],[103.701167,-0.659463],[103.760272,-0.611807],[103.8105869,-0.572052],[103.860677,-0.5324],[103.91316,-0.4906183],[103.94426,-0.466705],[104.1332245,-0.3210051],[104.2362213,-0.3117355],[104.4089127,-0.3304463],[104.4395971,-0.3319054],[104.4574928,-0.3353815],[104.4632435,-0.3382568],[104.4652176,-0.3397802],[104.4632381,-0.3382568],[104.4575787,-0.3350596],[104.4397259,-0.3314763],[104.4078209,-0.3292447],[104.4016171,-0.3271848],[104.3629074,-0.2997194],[104.3584442,-0.292853],[104.3586159,-0.1359557],[104.3579292,-0.0281725],[104.3577576,0.1057487],[104.3416214,0.137329],[104.2787933,0.2114863],[104.231903,0.3435996],[104.232918,0.377535],[104.2360497,0.3905266],[104.2492247,0.4247293],[104.3144131,0.4577731],[104.334695,0.472253],[104.350345,0.535022],[104.3684918,0.6112102],[104.3844509,0.679334],[104.3970305,0.7295036],[104.3929052,0.7487227],[104.3814468,0.7661019],[104.360277,0.783512],[104.3478656,0.7928571],[104.325123,0.83296],[104.3216443,0.838029],[104.306753,0.855372],[104.2968178,0.8668569],[104.280235,0.886698],[104.260277,0.910703],[104.236063,0.940608],[104.22052,0.959383],[104.203633,0.976737],[104.197502,0.980937],[104.186983,0.983732],[104.15877,0.98688],[104.1564846,0.9891925],[104.151482,1.004845],[104.149967,1.010482],[104.147347,1.02379],[104.145222,1.029138],[104.1432238,1.0355445],[104.1417861,1.0367352],[104.1371083,1.0373359],[104.1349733,1.0356706],[104.1329187,1.0336834],[104.1315696,1.032911]]},"properties":{"name":"BTM-DAS-KTK","date":2026,"description":"Telaga Punggur → Dabo → Kuala Tungkal","ship":["KMP Senangin"],"imo":8746478,"mmsi":525119042,"ticket":"online (trip.ferizy.com) for Telaga Punggur. For all the other ports either at the port or on the ferry.","website":["https://www.asdp.id/","https://www.instagram.com/asdp.batam/","https://www.instagram.com/info.kapalroro_tanjunguban/","https://www.instagram.com/porter.kualatungkal/"],"image":["https://www.batamnews.co.id/foto_berita/2025/10/2025-10-03-asdp-umumkan-perubahan-jadwal-pelayaran-kmp-senangin-rute-telaga-punggur-dabo-singkep.jpg"],"color":"#00D100","remarks":"A few times each week to Dabo, and possibly once a week to Kuala Tungkal"},"id":"18"},{"type":"Feature","geometry":{"type":"LineString","coordinates":[[104.1315562,1.0328949],[104.1329026,1.0336673],[104.1350806,1.0357054],[104.138237,1.03953],[104.1483092,1.0562799],[104.149425,1.0597555],[104.1583729,1.0924297],[104.1587806,1.0940924],[104.1641665,1.1192897],[104.165771,1.126712],[104.167969,1.14034],[104.162155,1.173642],[104.159012,1.18778],[104.155754,1.194477],[104.144394,1.204915],[104.132195,1.21588],[104.1263956,1.2186181],[104.1086876,1.2203772],[104.0935063,1.221128],[104.077858,1.22171],[104.045509,1.217247],[104.004669,1.21284],[103.9796627,1.2075055],[103.96843,1.204728],[103.936707,1.200555],[103.9189589,1.1980286],[103.903724,1.1964679],[103.89525,1.19561],[103.8840258,1.1941249],[103.878014,1.19169],[103.8706791,1.1888092],[103.8594031,1.1840144],[103.8405204,1.1753474],[103.82402,1.16928],[103.8105869,1.1631834],[103.8077545,1.1607163],[103.7971973,1.151427],[103.7702036,1.131175],[103.749779,1.111132],[103.7306786,1.0904238],[103.723235,1.083018],[103.6987281,1.0593907],[103.689115,1.0497391],[103.6669922,1.027231],[103.6632022,1.0250749],[103.599289,1.004095],[103.5681367,0.9950924],[103.535057,0.9854138],[103.499397,0.9752577],[103.480438,0.973135],[103.46521,0.972972],[103.4512138,0.9728441],[103.4083334,0.9716668],[103.3816695,0.9716695],[103.3683255,0.9783137],[103.3583343,0.9883343],[103.353127,0.995243],[103.3519775,1.0025988],[103.3529055,1.0035026],[103.3519775,1.0025988],[103.3507758,1.0014054],[103.3402991,0.9952641],[103.331641,0.9917241],[103.324997,0.993333],[103.290001,1.02],[103.2710552,1.036392],[103.2500267,1.0516673],[103.21833,1.075],[103.2132697,1.0787583],[103.1448841,1.1300594],[103.095789,1.1668734],[103.0421448,1.2039443],[103.0210304,1.2197336],[103.0013752,1.232262],[102.9668713,1.2332917],[102.919998,1.233333],[102.879997,1.235],[102.834999,1.235],[102.796669,1.235],[102.741673,1.2349972],[102.7066326,1.2366384],[102.634964,1.2366384],[102.5566864,1.2383117],[102.5345421,1.2344073],[102.5271606,1.2282289],[102.5166035,1.215014],[102.4932575,1.1765702],[102.4749756,1.1467073],[102.4627447,1.108048],[102.4513292,1.0740438],[102.4499989,1.0616649],[102.455002,1.05],[102.4733663,1.0133501],[102.4766707,0.9934083],[102.4883223,0.9433332],[102.4849749,0.938345],[102.4699974,0.934998],[102.4533892,0.938345],[102.4433899,0.9384308],[102.4317169,0.9301492],[102.4200439,0.9167185],[102.398331,0.9],[102.385002,0.9],[102.3600483,0.9100245],[102.3466587,0.918392],[102.310009,0.9400614],[102.2700548,0.9599928],[102.2525346,0.9707094],[102.2517836,0.9710205],[102.2511613,0.9706236],[102.2512364,0.9694865],[102.2511613,0.9706236],[102.2517836,0.9710205],[102.2525346,0.9707094],[102.2700602,0.9599928],[102.310009,0.9400399],[102.3466587,0.918392],[102.3600483,0.9100031],[102.3849928,0.8999943],[102.3983288,0.9000158],[102.4200439,0.916697],[102.4317169,0.9301921],[102.4433899,0.9383879],[102.453331,0.938333],[102.470001,0.935],[102.4849749,0.9383557],[102.488335,0.943333],[102.4766707,0.9933975],[102.4733663,1.0133447],[102.4549985,1.0499939],[102.449997,1.061667],[102.45132,1.07403],[102.46278,1.108],[102.474998,1.146667],[102.493332,1.176667],[102.51667,1.215],[102.52712,1.22822],[102.5346279,1.2344073],[102.556664,1.238333],[102.635002,1.236667],[102.706665,1.236667],[102.741669,1.235],[102.776665,1.235],[102.7967597,1.235008],[102.8350782,1.235008],[102.8800106,1.235008],[102.9200077,1.2333347],[102.966904,1.233325],[103.0013752,1.2322567],[103.021009,1.2197551],[103.0421448,1.2039443],[103.095833,1.16679],[103.144997,1.13],[103.2132697,1.0787636],[103.2182693,1.0750521],[103.25,1.051667],[103.2710552,1.036392],[103.2900238,1.0200009],[103.3250213,0.9933117],[103.3316517,0.9917241],[103.340294,0.995248],[103.3507705,1.0014054],[103.3519775,1.0026015],[103.3529055,1.0035026],[103.3519801,1.0025984],[103.3508563,1.0013035],[103.346664,0.996667],[103.338443,0.9737023],[103.3387327,0.9632968],[103.3592892,0.934054],[103.376663,0.908333],[103.380146,0.8996832],[103.3791375,0.8983959],[103.3768201,0.8980526],[103.3791375,0.8983959],[103.380146,0.8996779],[103.3766645,0.9083349],[103.3593321,0.934054],[103.33873,0.96328],[103.338445,0.973718],[103.3466613,0.9966801],[103.3508456,1.0012928],[103.3519828,1.0026122],[103.3529055,1.0035026],[103.3519828,1.0025907],[103.3531308,0.9952426],[103.35833,0.988333],[103.3683255,0.9783137],[103.381668,0.971667],[103.408333,0.971667],[103.4512138,0.9728441],[103.4804392,0.9731337],[103.499397,0.9752577],[103.5350543,0.9854111],[103.5681394,0.9950924],[103.5992932,1.0041033],[103.6632022,1.0250749],[103.6669976,1.0272364],[103.689115,1.0497364],[103.6987281,1.0593907],[103.7232327,1.0830115],[103.7306786,1.0904244],[103.7497866,1.1111374],[103.7702036,1.131175],[103.7971973,1.151427],[103.8077545,1.1607163],[103.8105923,1.1631834],[103.823998,1.1692761],[103.84054,1.17535],[103.859398,1.184012],[103.870682,1.18881],[103.8780123,1.1916893],[103.8840258,1.1941242],[103.8952428,1.1956098],[103.903724,1.1964733],[103.91896,1.198027],[103.9367366,1.2005547],[103.9684296,1.204738],[103.9796734,1.2075055],[104.0046716,1.2128365],[104.0455257,1.2172451],[104.0778583,1.2217126],[104.0935063,1.221128],[104.1086769,1.2203772],[104.1263929,1.2186207],[104.1321945,1.2158721],[104.1444039,1.2049097],[104.155755,1.1944835],[104.1590166,1.1877902],[104.1621494,1.173674],[104.164163,1.162097],[104.1679698,1.140341],[104.1657543,1.1267127],[104.1641665,1.1192897],[104.158783,1.094088],[104.1583729,1.0924297],[104.14943,1.059755],[104.1483092,1.0562799],[104.1382375,1.0395296],[104.1350812,1.0357054],[104.1329033,1.0336673],[104.1315562,1.0328963]]},"properties":{"name":"BTM-PTK-MKP-MGM","date":2026,"description":"Telaga Punggur → Tanjung Balai Karimun/Rempak → Mengkapan → Selat Beliah → Mengkapan → Telaga Punggur","ship":["KMP Teluk Singkil"],"imo":8673231,"mmsi":525015053,"ticket":"online (trip.ferizy.com) for Telaga Punggur. For all the other ports either at the port or on the ferry.","website":["https://www.asdp.id/","https://www.instagram.com/asdp.batam/","https://www.instagram.com/info.kapalroro_tanjunguban/"],"image":["https://www.batamnews.co.id/foto_berita/2025/10/2025-10-28-kmp-teluk-singkil-kembali-beroperasi-setelah-satu-bulan-docking-layanan-penyeberangan-karimun-normal-kembali.jpeg"],"color":"#00D100","remarks":"At least once a week. Stops in Tanjung Balai Karimun/Rempak on the way to Mengkapan, and returning it also seems to make a stop at Selat Beliah"},"id":"19"},{"type":"Feature","properties":{"description":"Pelabuhan penyeberangan Mengkapan","code":"MKP","link":""},"geometry":{"coordinates":[102.25121070833029,0.9696022987271817],"type":"Point"},"id":30},{"type":"Feature","properties":{"description":"Pelabuhan penyeberangan Selat Beliah","code":"MGM","link":""},"geometry":{"coordinates":[103.37681420992828,0.8980643488468445],"type":"Point"},"id":31},{"type":"Feature","geometry":{"type":"LineString","coordinates":[[102.9763985,1.2323478],[102.996094,1.232047],[103.004066,1.228472],[103.0366302,1.2034294],[103.081665,1.17],[103.108376,1.150418],[103.1311941,1.134393],[103.1900096,1.0900054],[103.287384,1.020085],[103.3150005,0.9966939],[103.32,0.993333],[103.3511245,0.9756761],[103.3536136,0.9751022],[103.3657265,0.9729299],[103.3951664,0.9731874],[103.418282,0.973692],[103.449862,0.974303],[103.47097,0.974067],[103.4851813,0.9780576],[103.5022831,0.9832496],[103.524597,0.990727],[103.5324955,0.9928397],[103.564354,0.999573],[103.6021793,1.0079329],[103.6345482,1.0189282],[103.659187,1.027175],[103.679781,1.0334849],[103.6865562,1.0381995],[103.7351418,1.0889542],[103.7486601,1.1038431],[103.7685728,1.1262304],[103.7698817,1.1274099],[103.7770486,1.1313895],[103.7864524,1.1361361],[103.8164556,1.1496035],[103.8303924,1.1583672],[103.8444686,1.1671737],[103.8713765,1.184229],[103.8801742,1.1890237],[103.8807938,1.1892275],[103.8975334,1.1944192],[103.944283,1.202177],[103.9652538,1.2065186],[103.9970943,1.213574],[104.002676,1.2142095],[104.0300989,1.2172022],[104.0470612,1.2181783],[104.0642595,1.2190471],[104.0975994,1.2196478],[104.1426229,1.2102944],[104.154768,1.2011983],[104.1597891,1.1893563],[104.1660118,1.1598367],[104.17083,1.13256],[104.1706038,1.1276137],[104.1690159,1.1227652],[104.1650033,1.1116951],[104.1623211,1.1013169],[104.161728,1.099167],[104.1511631,1.0698013],[104.1418934,1.0418735],[104.1407347,1.0402752],[104.1350672,1.0357457],[104.1329268,1.0337021],[104.1315401,1.0328896],[104.1329241,1.0336995],[104.1350698,1.0357464],[104.1407347,1.0402752],[104.141891,1.041882],[104.1511631,1.069804],[104.1617283,1.0991675],[104.1623211,1.1013179],[104.1650033,1.1116951],[104.1690159,1.1227625],[104.1706038,1.1276137],[104.1708291,1.1325695],[104.1660118,1.1598582],[104.1597891,1.1893563],[104.154768,1.2011983],[104.142627,1.210315],[104.0976048,1.2196478],[104.06425,1.21905],[104.04706,1.218177],[104.0300989,1.2172022],[104.002678,1.214207],[103.997093,1.213573],[103.9652538,1.2065186],[103.944279,1.2021744],[103.8975334,1.1944192],[103.8807964,1.1892275],[103.8801742,1.1890237],[103.871376,1.184225],[103.8444686,1.1671737],[103.8303924,1.1583564],[103.81645,1.14959],[103.786453,1.136138],[103.7770486,1.1313895],[103.7698817,1.1274099],[103.7685728,1.1262246],[103.7486601,1.1038646],[103.7351418,1.0889542],[103.686555,1.038197],[103.679781,1.0334849],[103.6591816,1.0271667],[103.6345911,1.0189282],[103.60219,1.0079436],[103.5643816,0.9995764],[103.5324955,0.9928397],[103.5245991,0.9907264],[103.5022831,0.9832496],[103.485176,0.978067],[103.4709764,0.974067],[103.4498405,0.974303],[103.4182989,0.9737023],[103.3952522,0.9731874],[103.3657265,0.9729299],[103.3536136,0.9750968],[103.3511245,0.9756815],[103.3200002,0.9933332],[103.3150005,0.9967015],[103.2873631,1.0200868],[103.190002,1.09],[103.1311941,1.134393],[103.1083846,1.1504187],[103.0816698,1.1700055],[103.0366516,1.2034294],[103.0040789,1.2284863],[102.9960537,1.2320475],[102.9285908,1.2330343],[102.886665,1.235],[102.849998,1.233333],[102.813332,1.231667],[102.7683878,1.2316613],[102.7512217,1.2332488],[102.7193785,1.2352654],[102.6827717,1.2367671],[102.6702404,1.23681],[102.6497698,1.2372819],[102.6321745,1.2367671],[102.5999451,1.235008],[102.5733376,1.2333776],[102.537632,1.2307174],[102.52605,1.2222],[102.501663,1.188333],[102.47617,1.14702],[102.4726582,1.1402712],[102.4599981,1.1067823],[102.4499989,1.0683156],[102.4533677,1.0583609],[102.4583244,1.0450594],[102.46833,1.028333],[102.473335,1.013333],[102.476669,0.98],[102.4866486,0.9549509],[102.488335,0.941667],[102.4833333,0.9366715],[102.4784088,0.9333245],[102.4449778,0.9399541],[102.4319744,0.9300205],[102.4199259,0.9149699],[102.3983288,0.8966795],[102.394997,0.895],[102.3866558,0.8966795],[102.3684597,0.9017858],[102.3498344,0.9133715],[102.328331,0.93],[102.2973061,0.9506171],[102.2606778,0.9717714],[102.251333,0.9708917],[102.251215,0.9695616],[102.25133,0.97089],[102.2606671,0.9717714],[102.29734,0.9506],[102.3283339,0.9300205],[102.34985,0.91335],[102.3684597,0.9017858],[102.386665,0.896667],[102.3949814,0.895006],[102.398331,0.896667],[102.4199152,0.9149592],[102.4319959,0.930042],[102.4449992,0.9399755],[102.4784088,0.9333245],[102.48333,0.936667],[102.488335,0.941667],[102.486664,0.955],[102.4766493,0.9800099],[102.4733448,1.0133501],[102.4683237,1.0283252],[102.458336,1.045],[102.4533892,1.0583609],[102.449997,1.068333],[102.4599981,1.1067608],[102.4726582,1.1402712],[102.4761343,1.1469647],[102.5016689,1.1883694],[102.5260448,1.2221792],[102.537632,1.2307174],[102.5733161,1.2333776],[102.599998,1.235],[102.63218,1.236777],[102.649777,1.237292],[102.67023,1.236798],[102.682765,1.23676],[102.719393,1.235253],[102.7512002,1.2332488],[102.768333,1.231667],[102.8132343,1.2316613],[102.8499699,1.2333776],[102.8866196,1.235008],[102.9286766,1.2330343],[102.9762268,1.2323478]]},"properties":{"name":"BTM-MKP","date":2026,"description":"Telaga Punggur ↔ Mengkapan","ship":["KMP Lome","KMP Wira Loewisa"],"imo":9627447,"mmsi":525015841,"ticket":"online (trip.ferizy.com) for Telaga Punggur. For all the other ports either at the port or on the ferry.","website":["https://www.asdp.id/","https://www.instagram.com/asdp.batam/","https://www.instagram.com/info.kapalroro_tanjunguban/"],"image":["https://www.batamnews.co.id/foto_berita/2026/02/2026-02-10-kmp-lome-docking-setop-layani-rute-telaga-punggur-mengkapan-sementara.png","https://asset.tribunnews.com/5wNfcnq1HVtIDpk9sCY5pGvXqPQ=/1200x675/filters:upscale():quality(30):format(webp):focal(0.5x0.5:0.5x0.5)/batam/foto/bank/originals/KMP-Wira-Loewisa-akan-resmi-beroperasi-Batam-Buton-mulai-hari-ini.jpg"],"color":"#2EFF2E","remarks":"Nearly every day a departure."},"id":"19"},{"type":"Feature","geometry":{"type":"LineString","coordinates":[[104.4652498,-0.3397802],[104.4645149,-0.3391955],[104.4644666,-0.3382782],[104.4654965,-0.3356604],[104.4736505,-0.3339009],[104.4884992,-0.332871],[104.5010948,-0.3307038],[104.5065987,-0.3265733],[104.5118237,-0.3187735],[104.5128536,-0.2870166],[104.5139292,-0.2822021],[104.5169413,-0.2797747],[104.519527,-0.2788655],[104.520632,-0.2773286],[104.5205033,-0.2759017],[104.520632,-0.2773286],[104.519527,-0.2788682],[104.5169413,-0.2797747],[104.5139319,-0.2822048],[104.5128536,-0.2870166],[104.5118237,-0.3187789],[104.5066041,-0.3265689],[104.5011002,-0.3306984],[104.4884992,-0.332871],[104.4736478,-0.3339009],[104.4654965,-0.3356604],[104.4644666,-0.3382782],[104.4645149,-0.3391902],[104.4652551,-0.3397802]]},"properties":{"name":"DAS-PNK","date":2026,"description":"Dabo ↔ Penarik","ship":["KMP Paray"],"imo":8827129,"mmsi":525019481,"ticket":"at the port or on the ferry.","website":["https://www.asdp.id/","https://www.instagram.com/asdp.batam/","https://www.facebook.com/groups/531168460762742/"],"image":["https://img.youtube.com/vi/SdD2Wh2-xCQ/0.jpg"],"color":"#00D100","remarks":"Nearly every day a departure."},"id":"20"},{"type":"Feature","properties":{"description":"Pelabuhan penyeberangan Penarik","code":"PNK","link":""},"geometry":{"coordinates":[104.52048575187501,-0.275933225679438],"type":"Point"},"id":32},{"type":"Feature","geometry":{"type":"LineString","coordinates":[[101.4180887,1.6968606],[101.4189792,1.6970322],[101.4215863,1.6988124],[101.4562941,1.7210541],[101.4578176,1.7220407],[101.4584398,1.7229308],[101.4581019,1.7237941],[101.4584398,1.7229362],[101.4578176,1.7220354],[101.4562941,1.7210541],[101.4215836,1.6988097],[101.4189792,1.6970322],[101.418086,1.6968606]]},"properties":{"name":"DUM-TKP","date":2026,"description":"Dumai ↔ Tanjung Kapal","ship":["KMP Muria","KMP Kakap"],"imo":8998772,"mmsi":525119009,"ticket":"online (trip.ferizy.com).","website":["https://www.asdp.id/","https://www.instagram.com/asdp.batam/","https://www.facebook.com/profile/100090752635142/"],"image":["https://www.marinetraffic.com/getAssetDefaultPhoto/?photo_size=800&asset_id=704871&asset_type_id=0","https://www.marinetraffic.com/getAssetDefaultPhoto/?photo_size=800&asset_id=1911663&asset_type_id=0"],"color":"#00D100","remarks":"Nearly every day multiple departures."},"id":"21"},{"type":"Feature","properties":{"description":"Pelabuhan penyeberangan Tanjung Kapal","code":"TKP","link":""},"geometry":{"coordinates":[101.45811914119457,1.7238528673966584],"type":"Point"},"id":33},{"type":"Feature","properties":{"description":"Pelabuhan penyeberangan Dumai","code":"DUM","link":""},"geometry":{"coordinates":[101.41809309496068,1.696856369369172],"type":"Point"},"id":34},{"type":"Feature","geometry":{"type":"LineString","coordinates":[[102.6662278,0.9991688],[102.6239803,0.9997909],[102.6090431,1.0045967],[102.5924778,1.0032237],[102.5856113,0.9999626],[102.5798607,0.9954142],[102.5747538,0.9898361],[102.5699043,0.9815976],[102.5649261,0.9762768],[102.557416,0.9707952],[102.53994,0.966442],[102.533527,0.964315],[102.5304222,0.9628463],[102.5205731,0.9570535],[102.518587,0.954893],[102.511653,0.94935],[102.5077951,0.9469698],[102.505939,0.9462189],[102.4980426,0.9441056],[102.490967,0.941305],[102.48262,0.937737],[102.4791169,0.9366286],[102.4714673,0.936768],[102.4566936,0.9385273],[102.44972,0.939443],[102.44133,0.9401364],[102.4397099,0.9391495],[102.4386048,0.9377121],[102.4340343,0.9320909],[102.4293244,0.9252682],[102.4281657,0.9238522],[102.4184883,0.9134251],[102.4071801,0.9064094],[102.3997986,0.9032938],[102.392503,0.9003912],[102.390765,0.9008525],[102.378207,0.90627],[102.376433,0.90703],[102.367593,0.910875],[102.352473,0.918772],[102.345933,0.922005],[102.337827,0.926193],[102.327753,0.93181],[102.32378,0.933763],[102.308887,0.941535],[102.293213,0.9494371],[102.2878164,0.9520063],[102.2683691,0.9610326],[102.263267,0.96369],[102.2578239,0.9661288],[102.2532709,0.9693416],[102.2518855,0.9701998],[102.2512954,0.9700765],[102.2512472,0.9694918],[102.2513008,0.9700765],[102.251887,0.970198],[102.2532696,0.9693416],[102.2578213,0.9661288],[102.2632742,0.963683],[102.268373,0.961035],[102.287827,0.952002],[102.2932076,0.9494371],[102.3088771,0.9415417],[102.3237741,0.9337751],[102.3277432,0.9318232],[102.3378289,0.9261801],[102.3459291,0.9220071],[102.3524735,0.9187711],[102.3676121,0.9108613],[102.3764312,0.9070316],[102.3782229,0.9062699],[102.390765,0.9008525],[102.3924923,0.9003912],[102.3997986,0.9032877],[102.40718,0.906407],[102.418487,0.913423],[102.428173,0.923863],[102.4293244,0.9252682],[102.43402,0.932078],[102.438607,0.937705],[102.439713,0.939148],[102.44134,0.940138],[102.4497199,0.9394392],[102.4566829,0.9385381],[102.471467,0.936757],[102.479133,0.936632],[102.4826145,0.9377335],[102.490983,0.9413057],[102.498047,0.944095],[102.5059497,0.9462189],[102.5077844,0.9469698],[102.5116682,0.9493513],[102.518599,0.954908],[102.520527,0.957007],[102.530453,0.96285],[102.533555,0.9643052],[102.539928,0.9664506],[102.557407,0.970795],[102.5649154,0.9762661],[102.5699043,0.9815976],[102.5747538,0.9898361],[102.5798661,0.9954196],[102.5856113,0.9999626],[102.5924778,1.0032237],[102.6090539,1.0045967],[102.6239777,0.9997909],[102.6662278,0.9991688]]},"properties":{"name":"AIA-MKP","date":2026,"description":"Alai Insit ↔ Mengkapan","ship":["KMP Tirus Meranti"],"imo":9946271,"mmsi":525301429,"ticket":"at the port or on the ferry.","website":["https://www.asdp.id/","https://www.instagram.com/asdp.batam/","https://www.instagram.com/official_opproroalai_insit/"],"image":["./images/ferry/KMP.+Tirus+Meranti.jpeg"],"color":"#00D100","remarks":"Three times a week."},"id":"22"},{"type":"Feature","properties":{"description":"Pelabuhan penyeberangan Alai Insit","code":"AIA","link":""},"geometry":{"coordinates":[102.66628344676428,0.9991777811768401],"type":"Point"},"id":35},{"type":"Feature","geometry":{"type":"LineString","coordinates":[[102.6662922,0.9991902],[102.6647258,1.0018077],[102.6644897,1.0046182],[102.6652408,1.0151737],[102.6658416,1.0167184],[102.6652408,1.0151737],[102.6644897,1.0046182],[102.6647258,1.0017969],[102.6662868,0.9991956]]},"properties":{"name":"AIA-PBP","date":2026,"description":"Alai Insit ↔ Pecah Buyung","ship":["KMP Tirus Meranti"],"imo":9946271,"mmsi":525301429,"ticket":"at the port or on the ferry.","website":["https://www.asdp.id/","https://www.instagram.com/asdp.batam/","https://www.instagram.com/official_opproroalai_insit/"],"image":["./images/ferry/KMP.+Tirus+Meranti.jpeg"],"color":"#00D100","remarks":"Three times a week."},"id":"23"},{"type":"Feature","properties":{"description":"Pelabuhan penyeberangan Pecah Buyung","code":"PBP","link":""},"geometry":{"coordinates":[102.66582819566179,1.0166738415416319],"type":"Point"},"id":36},{"type":"Feature","geometry":{"type":"LineString","coordinates":[[131.2683955,-0.8911361],[131.2675828,-0.891718],[131.2654638,-0.8911227],[131.2621808,-0.8899212],[131.2496281,-0.8846432],[131.2376708,-0.8793049],[131.2310665,-0.8764024],[131.223282,-0.87254],[131.206512,-0.864957],[131.1899757,-0.8574166],[131.184504,-0.8549278],[131.1829805,-0.8531148],[131.173615,-0.839405],[131.1623248,-0.8227018],[131.154404,-0.81067],[131.1499625,-0.8037754],[131.144409,-0.795708],[131.1402583,-0.7898319],[131.1306399,-0.775757],[131.1208177,-0.7617249],[131.1124465,-0.7498357],[131.1014628,-0.73424],[131.0915494,-0.7198216],[131.0817271,-0.7057009],[131.0717466,-0.6916351],[131.0620612,-0.6778642],[131.051681,-0.663156],[131.0264589,-0.6260513],[131.0041469,-0.5935193],[130.9219694,-0.4737371],[130.903004,-0.4473979],[130.8917785,-0.4314882],[130.8819294,-0.4145747],[130.8812656,-0.410809],[130.8807358,-0.4102766],[130.880304,-0.4104925],[130.8807358,-0.4102766],[130.8812656,-0.4108083],[130.881927,-0.414578],[130.8917785,-0.4314909],[130.9030035,-0.4473986],[130.9219694,-0.4737371],[131.0041469,-0.59352],[131.026459,-0.626053],[131.051682,-0.663155],[131.062073,-0.677865],[131.071747,-0.691637],[131.081726,-0.7057],[131.0915494,-0.7198216],[131.1014628,-0.73424],[131.1124465,-0.7498357],[131.1208177,-0.7617142],[131.1306399,-0.775757],[131.1402583,-0.7898373],[131.1444077,-0.7957081],[131.149963,-0.803775],[131.1543989,-0.8106706],[131.1623275,-0.8227018],[131.1736156,-0.8394035],[131.1829805,-0.8531255],[131.184509,-0.854923],[131.1899865,-0.8574273],[131.2064981,-0.8649259],[131.2232814,-0.8725392],[131.2310658,-0.8764031],[131.237671,-0.879305],[131.2496281,-0.8846432],[131.2621808,-0.8899212],[131.2654638,-0.8911227],[131.2675828,-0.891718],[131.2683955,-0.8911347]]},"properties":{"name":"KDO-WSA","date":2026,"description":"Klademak/Sorong ↔ Waisai","ship":["KMP Arar"],"imo":8662268,"mmsi":525008009,"ticket":"at the port or on the ferry.","website":["https://www.asdp.id/","https://www.instagram.com/asdp.sorong/"],"image":["https://www.asdp.id/storage//uploads/siaranpers/00f7686972a1ae1bb5b94bd894a322a0.jpeg"],"color":"#00D100","remarks":"Once a week."},"id":"24"},{"type":"Feature","properties":{"description":"Pelabuhan penyeberangan Usahamina","code":"SOQ","link":""},"geometry":{"coordinates":[131.25128532012275,-0.8774377306582579],"type":"Point"},"id":37},{"type":"Feature","properties":{"description":"Pelabuhan penyeberangan Waisai","code":"WSA","link":""},"geometry":{"coordinates":[130.88032820195548,-0.4105033322060194],"type":"Point"},"id":38},{"type":"Feature","geometry":{"type":"LineString","coordinates":[[131.2683955,-0.8911334],[131.2675855,-0.8917207],[131.2653995,-0.8910154],[131.2622452,-0.889771],[131.2388295,-0.8791882],[131.2089443,-0.8656125],[131.1833668,-0.8531255],[131.108715,-0.776567],[131.0618573,-0.7447587],[131.0569167,-0.7431764],[131.0295045,-0.7355488],[130.9672236,-0.7176116],[130.8997393,-0.6988591],[130.8588839,-0.6871869],[130.827148,-0.6776068],[130.8107972,-0.6733048],[130.7663906,-0.6626411],[130.7484198,-0.6593153],[130.660095,-0.643768],[130.6184506,-0.6357134],[130.592908,-0.631685],[130.563185,-0.626017],[130.5520499,-0.6232151],[130.5127823,-0.6094079],[130.485195,-0.600127],[130.4458129,-0.5865138],[130.10762,-0.493082],[129.9157763,-0.448332],[129.9099424,-0.4463794],[129.9041811,-0.4411439],[129.90457,-0.4405297],[129.9041784,-0.4411332],[129.906249,-0.4433325],[129.9195099,-0.4619358],[129.9038243,-0.4982409],[129.8826027,-0.5059653],[129.8658657,-0.5037875],[129.8385179,-0.4820516],[129.81946,-0.46728],[129.737368,-0.402917],[129.6043396,-0.3000627],[129.5501804,-0.2589074],[129.522918,-0.237852],[129.4558525,-0.1344107],[129.438858,-0.0966239],[129.4346094,-0.0878906],[129.4353229,-0.0865924],[129.4328552,-0.0863349],[129.4208336,-0.0767326],[129.4062424,-0.0757885],[129.3862438,-0.0784492],[129.343028,-0.067325],[129.0797853,0.0714111],[128.9829469,0.1219331],[128.9692783,0.1292609],[128.916385,0.156425],[128.8992834,0.1657817],[128.854843,0.18804],[128.806493,0.214245],[128.6571121,0.293883],[128.6534214,0.2976595],[128.6537218,0.3026912],[128.6534214,0.2976595],[128.6478424,0.2949129],[128.5969877,0.2952563],[128.514465,0.295552],[128.446795,0.29611],[128.380272,0.297157],[128.3070946,0.2975307],[128.2573986,0.2978311],[128.238945,0.297917],[128.17779,0.298013],[128.1262815,0.2986894],[128.11321,0.298775],[128.04901,0.298942],[128.009152,0.299225],[127.984875,0.299735],[127.9699892,0.2998481],[127.942675,0.299812],[127.9196508,0.2999232],[127.893955,0.310125],[127.888796,0.3123149],[127.8821683,0.3153323],[127.8799917,0.3161598],[127.8773671,0.3165742],[127.876597,0.316562],[127.8759117,0.3165117],[127.8755781,0.3164266],[127.8759134,0.3165111],[127.8765973,0.3165621],[127.8773671,0.3165742],[127.879992,0.31616],[127.8821683,0.315333],[127.888795,0.312312],[127.8939593,0.3101262],[127.9196495,0.2999232],[127.9426736,0.2998106],[127.9699945,0.2998481],[127.9848754,0.2997355],[128.0091655,0.2992259],[128.0490017,0.2989469],[128.113203,0.2987753],[128.1262922,0.2986894],[128.1778336,0.2980028],[128.23898,0.29792],[128.257352,0.29781],[128.3070946,0.2974878],[128.3802652,0.297166],[128.4468269,0.2961146],[128.5144615,0.2955567],[128.5969877,0.2952563],[128.6478424,0.2949129],[128.6534214,0.2976595],[128.6537218,0.302702],[128.6534214,0.2976488],[128.6571121,0.2938937],[128.8065434,0.21419],[128.854866,0.1880118],[128.899285,0.165788],[128.9163852,0.1564262],[128.9692783,0.1292609],[128.982935,0.121938],[129.0797424,0.0714111],[129.3430281,-0.0673556],[129.3862545,-0.0784492],[129.4062424,-0.0757885],[129.4208336,-0.0767326],[129.4328499,-0.0863349],[129.4353175,-0.0865924],[129.4346094,-0.0878906],[129.438858,-0.0966261],[129.4558525,-0.1344107],[129.5229292,-0.2378362],[129.5501804,-0.2589074],[129.6043396,-0.3000627],[129.7373664,-0.4029074],[129.8194528,-0.4672785],[129.838515,-0.482047],[129.8658657,-0.5037927],[129.8826027,-0.5059653],[129.9038029,-0.4982409],[129.9195099,-0.4619358],[129.90625,-0.443343],[129.9041784,-0.4411439],[129.90457,-0.440527],[129.9041797,-0.4411426],[129.9099398,-0.4463794],[129.9157709,-0.448332],[130.1076213,-0.4930832],[130.445808,-0.58651],[130.4851931,-0.6001279],[130.512777,-0.609407],[130.552063,-0.623212],[130.5631971,-0.6260151],[130.5928946,-0.6316903],[130.6184506,-0.6357134],[130.6601,-0.6437595],[130.748415,-0.659318],[130.7664013,-0.6626411],[130.8107972,-0.6733021],[130.827135,-0.677612],[130.8588839,-0.6871869],[130.899705,-0.698877],[130.967213,-0.717605],[131.029505,-0.735545],[131.056915,-0.743178],[131.061862,-0.744757],[131.1087155,-0.7765723],[131.1833882,-0.8531255],[131.2089443,-0.8656125],[131.2388295,-0.8791869],[131.2622445,-0.8897703],[131.2653995,-0.8910154],[131.2675855,-0.8917194],[131.2683982,-0.8911334]]},"properties":{"name":"KDO-GAG-PGB-PTI-WED","date":2026,"description":"Klademak/Sorong → Gag → Gebe → Patani → Weda → Patani → Gebe → Gag → Klademak/Sorong","ship":["KMP Arar"],"imo":8662268,"mmsi":525008009,"ticket":"at the port or on the ferry.","website":["https://www.asdp.id/","https://www.instagram.com/asdp.sorong/"],"image":["https://www.asdp.id/storage//uploads/siaranpers/00f7686972a1ae1bb5b94bd894a322a0.jpeg"],"color":"#00D100","remarks":"Once a week."},"id":"25"},{"type":"Feature","properties":{"description":"Pelabuhan penyeberangan Gebe","code":"PGB","link":""},"geometry":{"coordinates":[129.43534717006867,-0.0865858430861266],"type":"Point"},"id":39},{"type":"Feature","properties":{"description":"Pelabuhan penyeberangan Patani","code":"PTI","link":""},"geometry":{"coordinates":[128.65373213516506,0.30270052874854514],"type":"Point"},"id":40},{"type":"Feature","properties":{"description":"Pelabuhan penyeberangan Weda","code":"WED","link":""},"geometry":{"coordinates":[127.87555667182966,0.3164397611485299],"type":"Point"},"id":41},{"type":"Feature","geometry":{"type":"LineString","coordinates":[[131.2684008,-0.8911307],[131.2675841,-0.891718],[131.2654182,-0.8911924],[131.2625241,-0.8902269],[131.2559769,-0.8876013],[131.2416244,-0.8814035],[131.231705,-0.877427],[131.2174416,-0.8700752],[131.2028503,-0.8629306],[131.1748695,-0.8477724],[131.1488199,-0.828838],[131.1263752,-0.812489],[131.1220837,-0.8095281],[131.094376,-0.788567],[131.062592,-0.76608],[131.0359526,-0.7468668],[131.0236359,-0.7383166],[131.016705,-0.7333603],[131.014648,-0.731902],[130.9847546,-0.7206155],[130.954514,-0.709562],[130.9233427,-0.6980437],[130.894852,-0.686948],[130.873518,-0.6784757],[130.864517,-0.67491],[130.8487666,-0.668799],[130.8316112,-0.6622548],[130.815872,-0.655993],[130.80046,-0.6506577],[130.7956749,-0.6495098],[130.7930303,-0.6491471],[130.775925,-0.64776],[130.750046,-0.645153],[130.7389355,-0.6442101],[130.727783,-0.643383],[130.7080042,-0.6413886],[130.6763756,-0.6379341],[130.6510448,-0.6354774],[130.637634,-0.634488],[130.609619,-0.63177],[130.5899334,-0.6302206],[130.5670863,-0.6276244],[130.561264,-0.626783],[130.5573392,-0.626058],[130.554977,-0.624957],[130.529999,-0.605],[130.518234,-0.596262],[130.5001545,-0.5821366],[130.4805422,-0.5672887],[130.4570675,-0.5493938],[130.4468536,-0.5417981],[130.4460222,-0.5408755],[130.428443,-0.5093126],[130.409174,-0.4784147],[130.38836,-0.4467013],[130.3664303,-0.412885],[130.353333,-0.393333],[130.333328,-0.361667],[130.3300381,-0.3566242],[130.291672,-0.311667],[130.271667,-0.286667],[130.248337,-0.258333],[130.2333069,-0.239939],[130.229996,-0.235],[130.2133083,-0.2132888],[130.213333,-0.198333],[130.21666,-0.196667],[130.2217627,-0.2006932],[130.2220953,-0.2028068],[130.2220631,-0.2036543],[130.2220953,-0.202796],[130.2217653,-0.2006905],[130.2166557,-0.1966699],[130.2133325,-0.1983382],[130.2133083,-0.2132888],[130.2300453,-0.2350467],[130.233337,-0.24],[130.2483273,-0.2583495],[130.2716732,-0.2866733],[130.2916718,-0.3116497],[130.3300488,-0.3566349],[130.3333318,-0.3616559],[130.3533411,-0.3932731],[130.366394,-0.412825],[130.388336,-0.446667],[130.409174,-0.4784147],[130.4284456,-0.5093153],[130.4460222,-0.5408809],[130.4468536,-0.5417955],[130.457016,-0.549353],[130.48053,-0.567298],[130.5001652,-0.5821474],[130.5182648,-0.5962979],[130.5299968,-0.6049986],[130.5549788,-0.6249584],[130.557343,-0.626057],[130.5612606,-0.6267822],[130.567081,-0.6276244],[130.589905,-0.630217],[130.6096101,-0.6317869],[130.6376553,-0.6344904],[130.6510341,-0.6354774],[130.676361,-0.637938],[130.707993,-0.641388],[130.727756,-0.6433733],[130.7389569,-0.6442101],[130.7500505,-0.6451542],[130.7759285,-0.6477504],[130.7930303,-0.6491471],[130.7956696,-0.6495098],[130.800461,-0.650658],[130.815872,-0.6559923],[130.8316118,-0.6622555],[130.84877,-0.668802],[130.8645165,-0.674914],[130.873518,-0.6784757],[130.8948684,-0.6869509],[130.9233427,-0.6980464],[130.9545153,-0.7095603],[130.984741,-0.720598],[131.0146451,-0.7319013],[131.0167024,-0.7333603],[131.023621,-0.738285],[131.0359553,-0.7468668],[131.062603,-0.766059],[131.0943604,-0.7885875],[131.122131,-0.809573],[131.126373,-0.81251],[131.148834,-0.82882],[131.1748695,-0.8477724],[131.2028503,-0.8629306],[131.2174416,-0.8700752],[131.2317055,-0.8774289],[131.241627,-0.8814062],[131.2559769,-0.8876013],[131.2625255,-0.8902269],[131.2654196,-0.8911924],[131.2675841,-0.891718],[131.2684008,-0.8911294]]},"properties":{"name":"KDO-SLP","date":2026,"description":"Klademak/Sorong ↔ Selpele","ship":["KMP Kurisi"],"imo":8996360,"mmsi":525119002,"ticket":"at the port or on the ferry.","website":["https://www.asdp.id/","https://www.instagram.com/asdp.sorong/"],"image":["./images/ferry/KMP+Kurisi.jpeg"],"color":"#008800","remarks":"Once a week."},"id":"26"},{"type":"Feature","properties":{"description":"Selpele","code":"no port","link":""},"geometry":{"coordinates":[130.22207823073018,-0.2036102540612177],"type":"Point"},"id":42},{"type":"Feature","geometry":{"type":"LineString","coordinates":[[131.2684035,-0.8911387],[131.2682641,-0.8919071],[131.2668867,-0.8935833],[131.2650561,-0.8954137],[131.234951,-0.922168],[131.2250805,-0.936886],[131.2083006,-0.9633612],[131.2017775,-0.9741314],[131.1929369,-0.9900077],[131.1896968,-0.9950495],[131.1825085,-1.0042535],[131.1816502,-1.0413264],[131.181671,-1.063642],[131.1783242,-1.0766397],[131.1750197,-1.0799865],[131.1533475,-1.1049587],[131.1317825,-1.1298878],[131.1233711,-1.1515986],[131.1184359,-1.1648568],[131.1133289,-1.1833494],[131.1033297,-1.2033007],[131.09097,-1.2227799],[131.0784817,-1.2299022],[131.058334,-1.241667],[131.0465848,-1.2483944],[131.0334206,-1.2632395],[131.0084438,-1.2849493],[131.0050106,-1.2899263],[131.003294,-1.3016606],[130.9999895,-1.3199807],[130.9977794,-1.3335597],[130.994995,-1.338333],[130.978333,-1.36],[130.9749913,-1.3633562],[130.968338,-1.368333],[130.9549499,-1.3716579],[130.9366894,-1.3699847],[130.9033871,-1.3683115],[130.881668,-1.37],[130.866669,-1.368333],[130.843597,-1.357913],[130.824997,-1.335],[130.8139515,-1.3216325],[130.800034,-1.306952],[130.777222,-1.283383],[130.7649851,-1.2716489],[130.7633543,-1.2684739],[130.7469606,-1.2373678],[130.7440424,-1.2325194],[130.7442892,-1.2317793],[130.7440424,-1.2325087],[130.7469606,-1.2373678],[130.7633972,-1.2684739],[130.764999,-1.271667],[130.777173,-1.283319],[130.8000469,-1.3069593],[130.81395,-1.32161],[130.8249807,-1.3350185],[130.8435899,-1.3579075],[130.866669,-1.368333],[130.881629,-1.3699418],[130.903336,-1.368333],[130.936661,-1.37],[130.9549499,-1.3716579],[130.9683609,-1.3683115],[130.975006,-1.363333],[130.9783387,-1.3600097],[130.9949684,-1.3383649],[130.9977794,-1.3335383],[131,-1.32],[131.003326,-1.301667],[131.0050106,-1.2899263],[131.0084653,-1.2849279],[131.03334,-1.263333],[131.0465956,-1.2483944],[131.0583544,-1.2416583],[131.0784817,-1.2299022],[131.09097,-1.2227799],[131.1032867,-1.2033007],[131.110001,-1.19],[131.113327,-1.183333],[131.1184359,-1.1648139],[131.1233711,-1.1515986],[131.131804,-1.1298663],[131.1533475,-1.1049587],[131.175003,-1.08],[131.178329,-1.076667],[131.1816502,-1.0635528],[131.1816502,-1.0414122],[131.1825085,-1.0042535],[131.1896968,-0.9950495],[131.1929369,-0.9900077],[131.2017775,-0.9741314],[131.2083006,-0.9633612],[131.2250805,-0.936886],[131.234951,-0.922168],[131.2650561,-0.8954137],[131.2668854,-0.8935846],[131.2682641,-0.8919075],[131.2684035,-0.8911387]]},"properties":{"name":"KDO-DUL","date":2026,"description":"Klademak/Sorong ↔ Dulbatan","ship":["KMP Kurisi"],"imo":8996360,"mmsi":525119002,"ticket":"at the port or on the ferry.","website":["https://www.asdp.id/","https://www.instagram.com/asdp.sorong/"],"image":["./images/ferry/KMP+Kurisi.jpeg"],"color":"#008800","remarks":"Once a week."},"id":"27"},{"type":"Feature","geometry":{"type":"LineString","coordinates":[[131.2683982,-0.8911387],[131.2682694,-0.8918843],[131.266703,-0.8933976],[131.2646914,-0.8951562],[131.2564945,-0.9020218],[131.229996,-0.925],[131.213333,-0.933333],[131.2000394,-0.9399755],[131.184998,-0.95],[131.169998,-0.958333],[131.1542702,-0.9671801],[131.1439276,-0.9722434],[131.113327,-0.986667],[131.0949881,-0.9949959],[131.0933518,-0.9983106],[131.0903692,-1.0078363],[131.0876441,-1.0174479],[131.085007,-1.023333],[131.0833311,-1.0316506],[131.0800052,-1.0467114],[131.0780042,-1.0493932],[131.0762501,-1.0506268],[131.0780042,-1.0493932],[131.0800052,-1.046706],[131.083328,-1.031667],[131.0850048,-1.0233263],[131.0876441,-1.0174479],[131.090378,-1.007845],[131.0933518,-0.9983106],[131.095001,-0.995],[131.1133182,-0.9866823],[131.143921,-0.972245],[131.1542273,-0.967223],[131.1700201,-0.9583408],[131.1849976,-0.9500164],[131.2000448,-0.9399755],[131.213333,-0.933333],[131.2299943,-0.9250001],[131.2564945,-0.9020218],[131.2646914,-0.8951562],[131.2667084,-0.8933911],[131.2682694,-0.8918843],[131.2683982,-0.8911387]]},"properties":{"name":"KDO-KAL","date":2026,"description":"Klademak/Sorong ↔ Kalobo","ship":["KMP Kurisi"],"imo":8996360,"mmsi":525119002,"ticket":"at the port or on the ferry.","website":["https://www.asdp.id/","https://www.instagram.com/asdp.sorong/"],"image":["./images/ferry/KMP+Kurisi.jpeg"],"color":"#008800","remarks":"Once a week."},"id":"28"},{"type":"Feature","properties":{"description":"Pelabuhan penyeberangan Kalobo","code":"KAL","link":""},"geometry":{"coordinates":[131.07624040418312,-1.0506037442416982],"type":"Point"},"id":43},{"type":"Feature","properties":{"description":"Pelabuhan penyeberangan Klademak","code":"KDO","link":""},"geometry":{"coordinates":[131.26841379416214,-0.8911110543285332],"type":"Point"},"id":44},{"type":"Feature","geometry":{"type":"LineString","coordinates":[[131.2684008,-0.8911253],[131.2675747,-0.8917234],[131.2653726,-0.8912836],[131.2624571,-0.8904039],[131.2325048,-0.8781423],[131.209732,-0.86863],[131.202179,-0.865525],[131.1901045,-0.860549],[131.1711413,-0.8535224],[131.1337566,-0.838965],[131.0792863,-0.817767],[131.0635042,-0.8112875],[131.0434628,-0.8035849],[131.0101819,-0.7905614],[130.9874153,-0.7811638],[130.950714,-0.767275],[130.919098,-0.75474],[130.9026897,-0.7488514],[130.8060604,-0.7337036],[130.7399225,-0.752456],[130.7127571,-0.7668743],[130.6991529,-0.7754781],[130.6868362,-0.7981996],[130.6806564,-0.8028233],[130.6780574,-0.8030378],[130.6806564,-0.802834],[130.6837249,-0.7966977],[130.6835318,-0.7924495],[130.6445646,-0.774298],[130.5521679,-0.744217],[130.4999828,-0.726709],[130.4693413,-0.7163243],[130.3232574,-0.6718672],[130.3030014,-0.6682626],[130.2977443,-0.6676189],[130.2971005,-0.6690887],[130.2977443,-0.6676189],[130.3030014,-0.6682626],[130.323236,-0.6718672],[130.469498,-0.716323],[130.4999828,-0.726709],[130.552185,-0.744225],[130.6445646,-0.774298],[130.6835318,-0.7924495],[130.6837249,-0.7966984],[130.6806457,-0.802834],[130.6780547,-0.8030378],[130.6806457,-0.8028233],[130.6868362,-0.7981996],[130.6991529,-0.7754995],[130.712738,-0.76688],[130.739914,-0.75243],[130.8060551,-0.7337036],[130.9027004,-0.7488514],[130.9190941,-0.7547411],[130.9507227,-0.7672605],[130.9874153,-0.7811638],[131.010178,-0.790567],[131.043457,-0.803588],[131.0635042,-0.8112875],[131.0793,-0.817772],[131.1337566,-0.838965],[131.171143,-0.853518],[131.1900991,-0.860549],[131.2021852,-0.8655267],[131.2097275,-0.8686269],[131.2325048,-0.8781423],[131.2624598,-0.8904039],[131.2653753,-0.8912836],[131.2675774,-0.8917234],[131.2684035,-0.8911227]]},"properties":{"name":"KDO-ARI-PAM","date":2026,"description":"Klademak/Sorong → Arefi → Pam","ship":["KMP Terubuk I"],"imo":9027439,"mmsi":525119003,"ticket":"at the port or on the ferry.","website":["https://www.asdp.id/","https://www.instagram.com/asdp.sorong/"],"image":["./images/ferry/KMP.+Terubuk+I.jpeg"],"color":"#2EFF2E","remarks":"Once a week."},"id":"29"},{"type":"Feature","properties":{"description":"Pelabuhan penyeberangan Arefi","code":"ARI","link":""},"geometry":{"coordinates":[130.6780589813593,-0.8030329806956473],"type":"Point"},"id":45},{"type":"Feature","geometry":{"type":"LineString","coordinates":[[131.2684008,-0.8911227],[131.2682761,-0.8918722],[131.2668157,-0.8934398],[131.2636158,-0.896296],[131.2530962,-0.9055324],[131.2360239,-0.9204516],[131.233917,-0.922902],[131.227676,-0.93407],[131.2219477,-0.9438374],[131.2066269,-0.9697546],[131.1967778,-0.9873688],[131.1901689,-0.9979888],[131.188475,-1.0011198],[131.1875027,-1.0102017],[131.1843109,-1.0427853],[131.1831093,-1.0575779],[131.1811352,-1.0730676],[131.180706,-1.0745801],[131.164017,-1.092763],[131.1324692,-1.1308317],[131.1132431,-1.1878116],[131.0916138,-1.2197336],[131.0404587,-1.257147],[131.0064697,-1.2890682],[130.9989166,-1.3348468],[130.9800339,-1.3615542],[130.9285355,-1.4033631],[130.7642602,-1.5292294],[130.4197311,-1.7602821],[130.4007411,-1.7624912],[130.4183578,-1.7571937],[130.4216194,-1.7419229],[130.3962135,-1.6889891],[130.3763008,-1.6629935],[130.3417969,-1.6588754],[130.1522934,-1.6679696],[130.045917,-1.6783507],[129.8875809,-1.7762605],[129.8532915,-1.819774],[129.8459959,-1.8264466],[129.8532915,-1.8197766],[129.8875809,-1.776239],[130.0459385,-1.6783507],[130.1522827,-1.6679696],[130.3417969,-1.6588754],[130.3763008,-1.6629935],[130.3962135,-1.6889033],[130.4216194,-1.7419229],[130.4183578,-1.7571937],[130.4007411,-1.7624912],[130.4197311,-1.7602821],[130.7642609,-1.5292301],[130.9285355,-1.4033631],[130.9800339,-1.3615585],[130.9989166,-1.3348468],[131.0064697,-1.2890682],[131.0404587,-1.257147],[131.0916138,-1.2197336],[131.1132431,-1.1878116],[131.1324692,-1.1308425],[131.164012,-1.092773],[131.18071,-1.074585],[131.1811352,-1.0730784],[131.1831093,-1.0575886],[131.1843109,-1.0427853],[131.1875027,-1.010199],[131.1884737,-1.0011211],[131.1901689,-0.9979888],[131.1967792,-0.9873688],[131.2066269,-0.9697546],[131.221947,-0.9438374],[131.2276769,-0.9340755],[131.2339211,-0.9228975],[131.2360239,-0.9204516],[131.2530935,-0.9055297],[131.2636185,-0.8962933],[131.2668183,-0.8934371],[131.2682748,-0.8918736],[131.2684008,-0.8911233]]},"properties":{"name":"KDO-FOL-WIA","date":2026,"description":"Klademak/Sorong → Folley → Waigama","ship":["KMP Terubuk I"],"imo":9027439,"mmsi":525119003,"ticket":"at the port or on the ferry.","website":["https://www.asdp.id/","https://www.instagram.com/asdp.sorong/"],"image":["./images/ferry/KMP.+Terubuk+I.jpeg"],"color":"#2EFF2E","remarks":"Once a week."},"id":"30"},{"type":"Feature","properties":{"description":"Pelabuhan penyeberangan Folley","code":"FOL","link":""},"geometry":{"coordinates":[130.40075878739043,-1.7624897217436342],"type":"Point"},"id":46},{"type":"Feature","geometry":{"type":"LineString","coordinates":[[131.2683767,-0.8911334],[131.2675774,-0.891718],[131.2655523,-0.8914445],[131.2623739,-0.8905621],[131.2239003,-0.8752888],[131.186768,-0.86041],[131.1540556,-0.8623513],[131.120209,-0.865042],[131.0857344,-0.8676293],[131.051331,-0.870073],[131.01944,-0.871758],[130.966354,-0.872683],[130.805283,-0.89108],[130.7442999,-0.9051328],[130.711929,-0.91302],[130.628983,-0.933423],[130.618179,-0.947397],[130.6087303,-0.9614088],[130.52977,-1.06791],[130.5058247,-1.0999224],[130.48317,-1.130212],[130.463364,-1.157525],[130.4439998,-1.1836068],[130.415985,-1.221562],[130.39212,-1.25344],[130.370346,-1.282557],[130.349808,-1.310397],[130.2786255,-1.415719],[130.273068,-1.4531294],[130.2662659,-1.4632113],[130.2649194,-1.4634901],[130.2662659,-1.4632113],[130.2723598,-1.4530651],[130.2473831,-1.3523944],[129.9854279,-1.1569191],[129.8731613,-1.1336636],[129.8577118,-1.1410436],[129.8541069,-1.1485094],[129.8508883,-1.1499682],[129.8541069,-1.1485094],[129.8577118,-1.1410436],[129.8731613,-1.1336636],[129.9854279,-1.1569191],[130.2473831,-1.3524373],[130.2723598,-1.4530651],[130.2662659,-1.4632113],[130.2649194,-1.4634928],[130.2662444,-1.4632113],[130.273068,-1.4531294],[130.2786255,-1.4156761],[130.349822,-1.3103916],[130.3702497,-1.2826325],[130.3921366,-1.2534572],[130.415976,-1.2215767],[130.4440212,-1.1836068],[130.4633331,-1.1575197],[130.4832458,-1.1301607],[130.5058193,-1.0999263],[130.5297714,-1.0679133],[130.6087303,-0.9614303],[130.6181502,-0.9474203],[130.6289649,-0.9334533],[130.7118988,-0.9130282],[130.7443428,-0.9051328],[130.8052826,-0.8911012],[130.966301,-0.8726927],[131.0194302,-0.8717487],[131.0513163,-0.8700752],[131.0857344,-0.8676293],[131.1202383,-0.8650332],[131.1540556,-0.8623513],[131.1868,-0.8604203],[131.2239003,-0.8752888],[131.2623739,-0.8905648],[131.2655497,-0.8914445],[131.2675774,-0.891718],[131.2683767,-0.8911334]]},"properties":{"name":"KDO-WJM-KFU","date":2026,"description":"Klademak/Sorong → Wejim → Kofiau","ship":["KMP Terubuk I"],"imo":9027439,"mmsi":525119003,"ticket":"at the port or on the ferry.","website":["https://www.asdp.id/","https://www.instagram.com/asdp.sorong/"],"image":["./images/ferry/KMP.+Terubuk+I.jpeg"],"color":"#2EFF2E","remarks":"Once a week."},"id":"31"},{"type":"Feature","properties":{"description":"Pelabuhan penyeberangan Wejim","code":"WJM","link":""},"geometry":{"coordinates":[130.2649759142506,-1.4634602046339182],"type":"Point"},"id":47},{"type":"Feature","geometry":{"type":"LineString","coordinates":[[131.2421179,-1.0231561],[131.2421554,-1.0225969],[131.2410343,-1.022857],[131.2388992,-1.0238627],[131.2234497,-1.0416697],[131.181221,-1.0737649],[131.1737967,-1.0807159],[131.14779,-1.1045296],[131.1322439,-1.1185925],[131.1209249,-1.1591931],[131.113312,-1.188927],[131.0979652,-1.2185322],[131.062317,-1.240833],[131.0059547,-1.2865797],[130.9998178,-1.334761],[130.9915352,-1.349477],[130.9738541,-1.3657802],[130.9048462,-1.4309921],[130.9048462,-1.4651418],[130.9266338,-1.5002536],[130.96666,-1.557718],[131.0056543,-1.6119344],[131.068634,-1.69997],[131.2196732,-1.9164135],[131.4541626,-2.2481869],[131.834717,-2.786757],[131.8656135,-2.8288166],[131.9653487,-2.953402],[132.0644617,-2.9799417],[132.1042013,-2.9908702],[132.1281052,-2.996613],[132.1354866,-2.9977273],[132.1375465,-2.9973845],[132.1430397,-2.9905274],[132.1675014,-2.9600557],[132.1833158,-2.9570396],[132.2009003,-2.9558127],[132.2340953,-2.9543341],[132.2485042,-2.953777],[132.2730196,-2.9527912],[132.2961831,-2.9518912],[132.2985327,-2.9514626],[132.300303,-2.9501662],[132.30405,-2.9454597],[132.308293,-2.937843],[132.3096907,-2.9347263],[132.3101212,-2.9332731],[132.310195,-2.9325251],[132.3099375,-2.9322914],[132.310195,-2.9325257],[132.31012,-2.933273],[132.3096921,-2.9347249],[132.308017,-2.9390711],[132.3042941,-2.9456553],[132.3005176,-2.950584],[132.2987124,-2.9519233],[132.2962912,-2.9523626],[132.2490031,-2.9541841],[132.2341989,-2.9548806],[132.2207272,-2.9555234],[132.2008574,-2.956402],[132.1839809,-2.9576985],[132.1679735,-2.9608486],[132.1502066,-2.983906],[132.1379972,-2.9992059],[132.1358085,-2.999763],[132.128793,-2.99904],[132.1101665,-2.997513],[132.0762205,-2.9942988],[132.0468329,-2.9919417],[131.8770504,-2.9762774],[131.759094,-2.96549],[131.630646,-2.954425],[131.568176,-2.948152],[131.3613038,-2.9294546],[131.3121025,-2.9251258],[131.2693691,-2.9214292],[131.2488341,-2.9196398],[131.1720961,-2.9123965],[131.1374688,-2.9095249],[131.1222124,-2.9080462],[131.0572801,-2.9024744],[131.0320844,-2.9005242],[130.9940934,-2.8967525],[130.9295792,-2.8906663],[130.8658576,-2.8850301],[130.8030587,-2.8789224],[130.6761932,-2.8677784],[130.586071,-2.8592061],[130.4766369,-2.8491764],[130.4208469,-2.8452116],[130.3808177,-2.8407753],[130.359193,-2.8389911],[130.2957058,-2.8336601],[130.2325344,-2.8279593],[130.1697922,-2.8220871],[130.124756,-2.817838],[130.085617,-2.813883],[130.0322914,-2.8093995],[129.9753857,-2.8041701],[129.7324598,-2.7824807],[129.6532062,-2.7751937],[129.608215,-2.771033],[129.5776463,-2.7679495],[129.5305909,-2.7643233],[129.5162559,-2.7733719],[129.5163578,-2.7806804],[129.5164597,-2.7829308],[129.5165777,-2.7912679],[129.5153117,-2.7944078],[129.5165777,-2.7912679],[129.516462,-2.78293],[129.516358,-2.780673],[129.5162559,-2.7733719],[129.53059,-2.764323],[129.577677,-2.767937],[129.6082449,-2.7710358],[129.6531987,-2.7751722],[129.732573,-2.782572],[129.975428,-2.804193],[130.032403,-2.80937],[130.0855923,-2.8138573],[130.1246452,-2.8178007],[130.169868,-2.822007],[130.232633,-2.82798],[130.295802,-2.833655],[130.359178,-2.839028],[130.3808069,-2.8407753],[130.4208416,-2.8452116],[130.4766369,-2.8491764],[130.58602,-2.859282],[130.676223,-2.867715],[130.8030939,-2.8789224],[130.865828,-2.885038],[130.9295869,-2.890677],[130.99412,-2.896773],[131.0321116,-2.9005242],[131.057282,-2.902475],[131.1222124,-2.9080462],[131.1374742,-2.9095249],[131.1721015,-2.9123965],[131.248848,-2.919643],[131.2693718,-2.9214292],[131.3120967,-2.9251205],[131.3613018,-2.9294546],[131.5682316,-2.9481411],[131.877075,-2.976253],[132.04681,-2.991938],[132.07623,-2.994305],[132.110122,-2.997508],[132.1287918,-2.9990344],[132.1358085,-2.999763],[132.1379945,-2.9992085],[132.150202,-2.9839],[132.1679735,-2.9608486],[132.1839809,-2.9576985],[132.2008467,-2.9564128],[132.2207165,-2.9555234],[132.2341973,-2.9548806],[132.2490003,-2.9541841],[132.2962877,-2.9523626],[132.298713,-2.951923],[132.3005162,-2.950584],[132.3042941,-2.9456553],[132.308017,-2.9390667],[132.3096907,-2.9347263],[132.3101205,-2.9332724],[132.310195,-2.9325244],[132.3099375,-2.9322887],[132.310195,-2.9325244],[132.3101199,-2.9332731],[132.3096921,-2.9347263],[132.3082906,-2.9378443],[132.30405,-2.9454597],[132.300303,-2.9501662],[132.2985327,-2.9514626],[132.2961804,-2.9518912],[132.2730303,-2.9527912],[132.2485042,-2.953777],[132.2341061,-2.9543341],[132.2008896,-2.9558127],[132.183318,-2.95704],[132.1675014,-2.9600557],[132.1430397,-2.990506],[132.1375519,-2.9973845],[132.1354866,-2.9977273],[132.1281052,-2.996613],[132.1042013,-2.9908702],[132.064455,-2.979927],[131.965353,-2.953402],[131.8656349,-2.828838],[131.8347144,-2.7867565],[131.4541626,-2.2481762],[131.2196732,-1.9164135],[131.0686541,-1.6999706],[131.0056543,-1.6119451],[130.966659,-1.5577175],[130.9266338,-1.5002536],[130.9048462,-1.4651418],[130.9048462,-1.4309921],[130.9738541,-1.3657802],[130.9915352,-1.349477],[130.9998178,-1.334761],[131.0059547,-1.2865797],[131.0623455,-1.2408431],[131.098007,-1.21855],[131.1133289,-1.1889272],[131.120911,-1.159172],[131.132248,-1.118597],[131.147781,-1.104537],[131.173782,-1.080722],[131.181221,-1.0737649],[131.2234497,-1.0416697],[131.2388992,-1.0238627],[131.2410343,-1.0228597],[131.2421554,-1.0225969],[131.2421179,-1.0231561]]},"properties":{"name":"ARO-FKQ-WBA","date":2026,"description":"Arar/Sorong → Fak-Fak → Wahai","ship":["KMP Kalabia"],"imo":9742285,"mmsi":525001113,"ticket":"at the port or on the ferry.","website":["https://www.asdp.id/","https://www.instagram.com/asdp.sorong/"],"image":["./images/ferry/KMP.+Terubuk+I.jpeg"],"color":"#00D100","remarks":"Once to twice a month to Wahai. Up to four times a month to Fak-Fak."},"id":"32"},{"type":"Feature","properties":{"description":"Pelabuhan penyeberangan Arar","code":"ARO","link":""},"geometry":{"coordinates":[131.24210260371075,-1.0232301342879282],"type":"Point"},"id":48},{"type":"Feature","properties":{"description":"Pelabuhan penyeberangan Wahai","code":"WBA","link":""},"geometry":{"coordinates":[129.51527688712798,-2.7944256307143007],"type":"Point"},"id":49},{"type":"Feature","geometry":{"type":"LineString","coordinates":[[131.2421179,-1.0231493],[131.2421541,-1.0225976],[131.2417531,-1.0223395],[131.2410128,-1.0225962],[131.236968,-1.0241631],[131.2280095,-1.0339998],[131.2214863,-1.0445177],[131.1942673,-1.0614074],[131.1801052,-1.074623],[131.1748266,-1.0795388],[131.1512661,-1.1010541],[131.1327481,-1.118689],[131.1303502,-1.1226901],[131.1249161,-1.143618],[131.1093807,-1.2057892],[131.0481834,-1.2497797],[131.0074139,-1.2870946],[131.0026932,-1.3069164],[131.001617,-1.332753],[130.9103394,-1.4247923],[130.9089661,-1.4343814],[130.914073,-1.4904963],[130.9266901,-1.4985188],[131.0112762,-1.550428],[131.239822,-1.68891],[131.948944,-2.11958],[132.041687,-2.176047],[132.3591614,-2.3380654],[132.586441,-2.3565893],[132.647383,-2.362155],[132.6727438,-2.3642646],[132.710882,-2.367382],[132.7414513,-2.3694958],[132.75095,-2.37038],[132.7774358,-2.3725402],[132.8048158,-2.37492],[132.831303,-2.377042],[132.863732,-2.379533],[132.8749502,-2.3800332],[132.9206657,-2.3804299],[132.978818,-2.379782],[133.0359471,-2.3805049],[133.0787551,-2.3800868],[133.1738663,-2.3811159],[133.3019257,-2.38952],[133.3832932,-2.4077002],[133.4433854,-2.46568],[133.4564209,-2.5273873],[133.4529126,-2.5338505],[133.4564209,-2.5273873],[133.4491467,-2.4660873],[133.44342,-2.383933],[133.5139275,-2.3059911],[133.56813,-2.214365],[133.5722923,-2.1884935],[133.5848236,-2.1754353],[133.5817337,-2.1601898],[133.5750389,-2.1603292],[133.5716057,-2.1751136],[133.5643959,-2.1716829],[133.5563278,-2.1513555],[133.5437107,-2.150798],[133.5498905,-2.1440864],[133.5494828,-2.1366553],[133.5430884,-2.1442794],[133.5365224,-2.1418779],[133.5441613,-2.1345016],[133.536694,-2.1308563],[133.5319734,-2.1221347],[133.5263139,-2.1139807],[133.5262281,-2.1129997],[133.5263139,-2.113986],[133.5319519,-2.1221076],[133.536694,-2.1308563],[133.5441828,-2.1344813],[133.5365009,-2.1418993],[133.543067,-2.144258],[133.5494828,-2.1366244],[133.5498905,-2.1440864],[133.5437322,-2.150798],[133.5563278,-2.151374],[133.5643959,-2.1716829],[133.5716057,-2.1751136],[133.5750389,-2.1603399],[133.5817444,-2.1601898],[133.5848236,-2.1754567],[133.5722923,-2.1884721],[133.5681295,-2.2143953],[133.513916,-2.306007],[133.4434605,-2.3839459],[133.4491467,-2.466098],[133.4564209,-2.5273873],[133.4529126,-2.5338505],[133.4564209,-2.5273873],[133.4433746,-2.4656693],[133.3832932,-2.4077002],[133.3019257,-2.38952],[133.1738663,-2.3811159],[133.0787659,-2.3800868],[133.03595,-2.380508],[132.978816,-2.3797867],[132.9206765,-2.3804299],[132.874954,-2.380028],[132.8637171,-2.3795294],[132.8312945,-2.3770425],[132.804808,-2.374928],[132.7774411,-2.3725402],[132.750957,-2.3703749],[132.7414566,-2.3694958],[132.7108741,-2.3673841],[132.6727438,-2.3642646],[132.6473808,-2.3621636],[132.5863981,-2.3565893],[132.3591614,-2.3380654],[132.0417595,-2.1759713],[131.9488907,-2.1195344],[131.2398434,-1.6889033],[131.0113008,-1.5504013],[130.9266901,-1.4985188],[130.914078,-1.490493],[130.9089661,-1.4344243],[130.9103394,-1.4247284],[131.0016203,-1.3327446],[131.0026932,-1.3069164],[131.0074139,-1.2870946],[131.0481834,-1.2497674],[131.1093807,-1.2058321],[131.1249161,-1.1436073],[131.1303475,-1.1226901],[131.1327481,-1.118689],[131.151276,-1.10106],[131.1748266,-1.079536],[131.1801052,-1.074623],[131.1942673,-1.0614074],[131.2214863,-1.0445177],[131.2280095,-1.0339998],[131.236968,-1.0241604],[131.2410128,-1.0225969],[131.2417531,-1.0223395],[131.2421534,-1.0225976],[131.2421179,-1.0231467]]},"properties":{"name":"ARO-BAB-NTI","date":2026,"description":"Arar/Sorong → Babo → Bintuni","ship":["KMP Kalabia"],"imo":9742285,"mmsi":525001113,"ticket":"at the port or on the ferry.","website":["https://www.asdp.id/","https://www.instagram.com/asdp.sorong/"],"image":["./images/ferry/KMP.+Terubuk+I.jpeg"],"color":"#00D100","remarks":"Once to twice a month to Bintuni."},"id":"33"},{"type":"Feature","geometry":{"type":"LineString","coordinates":[[136.1483824,-1.1993426],[136.146667,-1.201667],[136.1433291,-1.2066581],[136.1383362,-1.2099994],[136.1166573,-1.2101227],[136.0783339,-1.2100155],[136.051666,-1.21],[135.9266281,-1.2099082],[135.901672,-1.21],[135.869995,-1.21],[135.821869,-1.209822],[135.759995,-1.208333],[135.71666,-1.208333],[135.679993,-1.208333],[135.6216717,-1.2083207],[135.588333,-1.208333],[135.53334,-1.208333],[135.46167,-1.208333],[135.384995,-1.208333],[135.3466702,-1.2082778],[135.308334,-1.208333],[135.2683067,-1.2083636],[135.241669,-1.208333],[135.2016592,-1.2083207],[135.1732922,-1.2083207],[135.130005,-1.208333],[135.098362,-1.2082778],[135.059998,-1.208333],[135.0183678,-1.2083207],[134.990005,-1.208333],[134.9166584,-1.2082992],[134.8816609,-1.2082349],[134.8338318,-1.2082349],[134.7916889,-1.1916732],[134.7550392,-1.1782865],[134.7249556,-1.1666588],[134.6883059,-1.153272],[134.6095562,-1.1246102],[134.558334,-1.105],[134.5029545,-1.0845776],[134.477844,-1.075237],[134.431671,-1.058333],[134.4017172,-1.0466041],[134.358212,-1.030483],[134.323334,-1.016667],[134.29357,-1.005347],[134.2447114,-0.988581],[134.2139196,-0.9767917],[134.179489,-0.963528],[134.1554153,-0.953964],[134.1318011,-0.9456825],[134.1002262,-0.9335927],[134.0973616,-0.9323698],[134.0945238,-0.9310932],[134.0705502,-0.9196363],[134.0517533,-0.910282],[134.0449136,-0.9072689],[134.0423816,-0.9058033],[134.0408233,-0.9048512],[134.0406221,-0.9045481],[134.0408233,-0.9048512],[134.0423816,-0.9058019],[134.0447688,-0.9069591],[134.0521288,-0.9098314],[134.0708399,-0.9191858],[134.0946472,-0.9308036],[134.1002637,-0.9333031],[134.133209,-0.94278],[134.16481,-0.951872],[134.19725,-0.960947],[134.221634,-0.967483],[134.2287898,-0.9694865],[134.261108,-0.978298],[134.280396,-0.983273],[134.294128,-0.987452],[134.306437,-0.991363],[134.3283319,-0.9970877],[134.359595,-1.005542],[134.392565,-1.0158],[134.43015,-1.02571],[134.464996,-1.035],[134.5000792,-1.0450594],[134.520004,-1.051667],[134.554993,-1.06],[134.610001,-1.073333],[134.646667,-1.085],[134.681671,-1.096667],[134.723328,-1.108333],[134.753326,-1.118333],[134.785004,-1.126667],[134.8500323,-1.1433391],[134.861664,-1.146667],[134.868958,-1.144475],[134.8728204,-1.1402283],[134.8733246,-1.1369352],[134.8728633,-1.135219],[134.8733246,-1.1369352],[134.8728204,-1.1402283],[134.868958,-1.1444761],[134.8616624,-1.1466644],[134.850006,-1.143333],[134.7849941,-1.1266268],[134.7534084,-1.1183029],[134.7233677,-1.1083484],[134.6817398,-1.0966776],[134.6467209,-1.0850067],[134.6099854,-1.0733358],[134.5550537,-1.0599914],[134.519949,-1.0516673],[134.5000362,-1.0450543],[134.4650066,-1.0349974],[134.4301486,-1.0257078],[134.3925548,-1.0157865],[134.3595958,-1.0055407],[134.3283319,-0.9970877],[134.3064666,-0.9913594],[134.2941284,-0.9874546],[134.2803955,-0.983271],[134.2611051,-0.9782936],[134.2287898,-0.9694757],[134.2216444,-0.9674805],[134.197247,-0.9609368],[134.1648212,-0.9518615],[134.1332173,-0.9427861],[134.1002651,-0.9333031],[134.0946418,-0.9307982],[134.0708399,-0.9191858],[134.0521288,-0.9098314],[134.0447688,-0.9069591],[134.0423816,-0.9058019],[134.0408233,-0.9048525],[134.0406208,-0.9045481],[134.0408233,-0.9048512],[134.0423816,-0.9058033],[134.0449136,-0.9072702],[134.051758,-0.91028],[134.0705502,-0.919631],[134.0945292,-0.9310932],[134.0973616,-0.9323698],[134.1002262,-0.9335941],[134.1318011,-0.9456825],[134.155426,-0.953964],[134.1794908,-0.9635328],[134.2139089,-0.9767917],[134.244717,-0.98858],[134.2935276,-1.0052833],[134.3233538,-1.0166541],[134.358201,-1.0304277],[134.401703,-1.046623],[134.4316292,-1.058318],[134.4778061,-1.0752237],[134.5029545,-1.0845776],[134.5584011,-1.1050016],[134.60956,-1.12464],[134.688339,-1.153333],[134.725006,-1.166667],[134.7550392,-1.1783079],[134.791672,-1.191667],[134.8338318,-1.2082349],[134.8816395,-1.2082349],[134.9166584,-1.2083207],[134.9899578,-1.2083207],[135.018326,-1.208333],[135.0599527,-1.2082778],[135.098328,-1.208333],[135.1299477,-1.2083207],[135.17334,-1.208333],[135.20166,-1.208333],[135.2416992,-1.2082778],[135.268326,-1.208333],[135.3083467,-1.2083207],[135.346664,-1.208333],[135.3850365,-1.2082778],[135.4617262,-1.2083207],[135.533309,-1.2083207],[135.588333,-1.208333],[135.621674,-1.208333],[135.6799936,-1.2083207],[135.7599878,-1.2083207],[135.8218288,-1.2098224],[135.869995,-1.21],[135.9016085,-1.2099511],[135.9266281,-1.2099511],[136.051662,-1.209994],[136.0783339,-1.2100155],[136.116669,-1.21],[136.138336,-1.21],[136.1433291,-1.2066581],[136.146667,-1.201667],[136.1483824,-1.1993426]]},"properties":{"name":"MKR-SWR-SRB","date":2026,"description":"Mokmer/Biak → Marampa/Manokwari → Numfor","ship":["KMP Kasuari Pasifik IV"],"imo":8746337,"mmsi":525016581,"ticket":"at the port or on the ferry.","website":["https://www.asdp.id/","https://www.instagram.com/asdp.biak/","https://www.facebook.com/profile.php?id=100082443096285"],"image":["./images/ferry/KMP.+Kasuari+Pasifik+IV.jpeg"],"color":"#00D100","remarks":"Five to sixe times a month."},"id":"34"},{"type":"Feature","properties":{"description":"Pelabuhan penyeberangan Mokmer","code":"MKR","link":"https://bptdpapua.com/pelabuhan-mokmer/"},"geometry":{"coordinates":[136.148524613595,-1.1993734199010362],"type":"Point"},"id":50},{"type":"Feature","properties":{"description":"Pelabuhan penyeberangan Marampa","code":"SWR","link":""},"geometry":{"coordinates":[134.04059682221703,-0.9045943973330139],"type":"Point"},"id":51},{"type":"Feature","geometry":{"type":"LineString","coordinates":[[136.1483932,-1.199348],[136.1466658,-1.2016703],[136.1450136,-1.2066474],[136.1349955,-1.2099967],[136.0966694,-1.2083314],[136.048336,-1.2083636],[136.0166645,-1.2082778],[135.938339,-1.206667],[135.883331,-1.206667],[135.8066368,-1.204974],[135.7449889,-1.2033168],[135.6966877,-1.2033436],[135.6599951,-1.2033436],[135.609207,-1.202942],[135.5466557,-1.2016703],[135.431671,-1.2],[135.333328,-1.198333],[135.226669,-1.196667],[135.151672,-1.195],[135.070007,-1.193333],[135.001663,-1.193333],[134.941721,-1.1933036],[134.8913383,-1.1927887],[134.869995,-1.191667],[134.866669,-1.19],[134.8666674,-1.1816653],[134.868333,-1.1733308],[134.871674,-1.143333],[134.8728204,-1.1402069],[134.8732924,-1.1369889],[134.8728633,-1.1352404],[134.8732924,-1.1369942],[134.8728204,-1.1402042],[134.871674,-1.143333],[134.868332,-1.173333],[134.866669,-1.181667],[134.866669,-1.19],[134.8699933,-1.1916651],[134.8913383,-1.1927887],[134.941666,-1.193333],[135.001545,-1.1933036],[135.069952,-1.1933036],[135.1516628,-1.1950199],[135.2267647,-1.1966503],[135.3333288,-1.1983343],[135.4317284,-1.1999969],[135.546661,-1.201667],[135.6092262,-1.202936],[135.660004,-1.203333],[135.696671,-1.203333],[135.7449889,-1.2033222],[135.8066368,-1.204974],[135.8833051,-1.2066688],[135.9383655,-1.2066688],[136.0166645,-1.2082671],[136.04834,-1.208333],[136.096664,-1.208333],[136.1349962,-1.2099967],[136.1450136,-1.2066474],[136.146667,-1.201667],[136.1483932,-1.1993426]]},"properties":{"name":"MKR-SRB","date":2026,"description":"Mokmer/Biak ↔ Numfor","ship":["KMP Kasuari Pasifik IV"],"imo":8746337,"mmsi":525016581,"ticket":"at the port or on the ferry.","website":["https://www.asdp.id/","https://www.instagram.com/asdp.biak/","https://www.facebook.com/profile.php?id=100082443096285"],"image":["./images/ferry/KMP.+Kasuari+Pasifik+IV.jpeg"],"color":"#00D100","remarks":"Roughly twice a month."},"id":"34"},{"type":"Feature","geometry":{"type":"LineString","coordinates":[[134.0406208,-0.9045441],[134.0408179,-0.9048445],[134.094851,-0.9718143],[134.1733646,-1.0695601],[134.2516422,-1.1682649],[134.3283749,-1.265063],[134.336679,-1.2799724],[134.3733287,-1.4016899],[134.412133,-1.530237],[134.453333,-1.665],[134.4982338,-1.823058],[134.4982338,-1.8265972],[134.486667,-1.966667],[134.4733429,-2.1113861],[134.4578934,-2.2787188],[134.4450188,-2.4199631],[134.4384956,-2.461639],[134.4350624,-2.4998621],[134.4305992,-2.5635506],[134.4290972,-2.5901956],[134.4746304,-2.701978],[134.4972897,-2.7270124],[134.5005727,-2.7293487],[134.5034051,-2.7278698],[134.50057,-2.729354],[134.4967747,-2.7276126],[134.4583386,-2.6866688],[134.3966424,-2.611599],[134.3616664,-2.5683309],[134.3132687,-2.453321],[134.2467552,-2.4115592],[134.2416644,-2.4099853],[134.2253566,-2.4216996],[134.2416644,-2.4099834],[134.2467552,-2.4115565],[134.313266,-2.453321],[134.361667,-2.568333],[134.3966532,-2.6116097],[134.458333,-2.686667],[134.4967747,-2.7276126],[134.50057,-2.729354],[134.5033997,-2.7278751],[134.500578,-2.7293567],[134.4972897,-2.7270124],[134.4757891,-2.7015922],[134.4300842,-2.5900026],[134.43223,-2.5636793],[134.4366932,-2.4998836],[134.440002,-2.461667],[134.441666,-2.45],[134.4459629,-2.4383036],[134.451668,-2.4349914],[134.5266438,-2.4433309],[134.585007,-2.45],[134.668335,-2.458333],[134.758331,-2.55],[134.8466849,-2.6416189],[134.934998,-2.731667],[134.9397576,-2.7364431],[134.9470854,-2.7429052],[134.9583292,-2.7516606],[135.0599957,-2.8300007],[135.1598167,-2.9065247],[135.2699066,-2.9916217],[135.3779984,-3.0747969],[135.4782486,-3.1518287],[135.556671,-3.211667],[135.5786383,-3.2314096],[135.5815673,-3.231206],[135.5786352,-3.231412],[135.556671,-3.2116676],[135.4782701,-3.1518287],[135.3779769,-3.0748022],[135.2699161,-2.9916309],[135.1598114,-2.9065193],[135.059998,-2.83],[134.9583292,-2.7516592],[134.9470827,-2.7429052],[134.9397469,-2.7364431],[134.934994,-2.7316635],[134.8467064,-2.6416189],[134.7583222,-2.5500029],[134.6683502,-2.4583375],[134.5850301,-2.4499981],[134.526672,-2.443333],[134.4516706,-2.4349914],[134.4459629,-2.4383036],[134.4416606,-2.4499874],[134.440003,-2.4616658],[134.4366932,-2.4998836],[134.43223,-2.5636793],[134.4300842,-2.5900241],[134.4757891,-2.7015922],[134.4972923,-2.7270151],[134.500578,-2.7293487],[134.5033997,-2.7278751],[134.5005727,-2.729346],[134.497295,-2.7270178],[134.4746304,-2.701978],[134.4290972,-2.5901741],[134.4305992,-2.5635614],[134.4350624,-2.4998836],[134.4384956,-2.461639],[134.4450188,-2.4199631],[134.4578934,-2.2787188],[134.4733429,-2.1113003],[134.4867325,-1.9665099],[134.4982338,-1.8265753],[134.4982338,-1.8230473],[134.4532585,-1.6650526],[134.4120598,-1.5301792],[134.373337,-1.401667],[134.336679,-1.2799724],[134.3283735,-1.2650617],[134.2516422,-1.1682625],[134.1733646,-1.0695814],[134.0948725,-0.9718143],[134.0408179,-0.9048458],[134.0406194,-0.9045428]]},"properties":{"name":"SWR-WSR-WDI-WSR-NMA","date":2026,"description":"Marampa/Manokwari → Wasior → Windesi → Wasior → Nabire → Wasior → Marampa/Manokwari","ship":["KMP Napan Wainami"],"imo":9641039,"mmsi":525010133,"ticket":"at the port or on the ferry.","website":["https://www.asdp.id/","https://www.instagram.com/asdp.biak/","https://www.facebook.com/profile.php?id=100082443096285"],"image":["./images/ferry/KMP.+Nafan+Wainami.jpeg"],"color":"#008800","remarks":"Roughly four times a month."},"id":"35"},{"type":"Feature","properties":{"description":"Pelabuhan penyeberangan Nabire","code":"NMA","link":""},"geometry":{"coordinates":[135.58155317003315,-3.23674479096357],"type":"Point"},"id":52},{"type":"Feature","geometry":{"type":"LineString","coordinates":[[136.1483985,-1.1993319],[136.1467195,-1.2015845],[136.1490154,-1.204545],[136.1988831,-1.2006834],[136.2432575,-1.1967361],[136.2854111,-1.191759],[136.418533,-1.187982],[136.4388227,-1.1871251],[136.504612,-1.2058321],[136.575134,-1.230533],[136.5925884,-1.2306316],[136.6079521,-1.2264269],[136.667304,-1.2266843],[136.6846418,-1.2304171],[136.7215061,-1.241787],[136.810364,-1.2659],[136.8769348,-1.2750598],[137.049759,-1.297472],[137.122009,-1.306217],[137.239868,-1.323395],[137.326767,-1.334955],[137.390472,-1.344785],[137.535187,-1.363493],[137.597153,-1.372267],[137.6700425,-1.3810537],[137.7547574,-1.393474],[137.802109,-1.39948],[137.833221,-1.407617],[137.8964639,-1.4410311],[137.904877,-1.45428],[137.883698,-1.483908],[137.8836975,-1.4839083],[137.880203,-1.520568],[137.868607,-1.524745],[137.874741,-1.568685],[137.868393,-1.589848],[137.8487206,-1.6358823],[137.812149,-1.69585],[137.794907,-1.724535],[137.799011,-1.742585],[137.823776,-1.736887],[137.856247,-1.71706],[137.862671,-1.71229],[137.897263,-1.709418],[137.850754,-1.744738],[137.839752,-1.793222],[137.8262329,-1.8053214],[137.8294945,-1.8513032],[137.848312,-1.877697],[137.843719,-1.950067],[137.832275,-1.945483],[137.831909,-1.946],[137.819748,-1.950443],[137.774506,-1.997335],[137.773438,-2.046508],[137.78952,-2.09489],[137.799194,-2.108863],[137.8293228,-2.117819],[137.845459,-2.1500689],[137.8832245,-2.1366887],[137.9172134,-2.2183405],[137.9498291,-2.2962143],[137.9807281,-2.3034183],[138.0328059,-2.2974793],[137.9807281,-2.3032468],[137.9498291,-2.2960428],[137.9172134,-2.2183405],[137.8832245,-2.1366887],[137.845459,-2.1500689],[137.8293228,-2.117819],[137.7992821,-2.1089844],[137.7894974,-2.0949397],[137.7733612,-2.046455],[137.774477,-1.9972189],[137.8196239,-1.9505547],[137.8318119,-1.9460941],[137.8437424,-1.9501342],[137.8482914,-1.8777251],[137.8294945,-1.851389],[137.8262329,-1.8053386],[137.8397083,-1.7932252],[137.8507805,-1.744754],[137.8972149,-1.7094078],[137.8626251,-1.7123248],[137.8562737,-1.7170433],[137.823658,-1.7368612],[137.7991104,-1.7425234],[137.7948189,-1.7245073],[137.8121567,-1.6958526],[137.8487206,-1.6358823],[137.8683758,-1.5898953],[137.8746414,-1.5687889],[137.8686333,-1.5247738],[137.8802204,-1.5205696],[137.8836966,-1.4838896],[137.9048753,-1.4542878],[137.8964639,-1.4410311],[137.8332281,-1.4076104],[137.8021145,-1.3994804],[137.7547574,-1.393474],[137.6700211,-1.3810537],[137.5971937,-1.3722586],[137.5351381,-1.3635063],[137.3905563,-1.3447576],[137.32687,-1.3349756],[137.2398376,-1.3233915],[137.1219921,-1.3061441],[137.0497656,-1.2974774],[136.8769348,-1.2750598],[136.8103516,-1.2658997],[136.7214847,-1.241787],[136.684647,-1.23042],[136.667282,-1.226705],[136.6079521,-1.2264269],[136.5925884,-1.2306316],[136.5751326,-1.2305351],[136.504612,-1.2058321],[136.4388227,-1.1871251],[136.4185238,-1.1879833],[136.2854004,-1.191759],[136.2432361,-1.1967361],[136.1989045,-1.2006834],[136.1490154,-1.204545],[136.1467195,-1.2015845],[136.1484012,-1.1993319]]},"properties":{"name":"MKR-TEB-BEG-TRR-KWJ","date":2026,"description":"Mokmer/Biak → Teba → Bagusa → Trimuris → Kasonaweja → Trimuris → Bagusa → Teba → Mokmer/Biak","ship":["KMP Mamberamo Foja"],"imo":8525329,"mmsi":525101041,"ticket":"at the port or on the ferry.","website":["https://www.asdp.id/","https://www.instagram.com/asdp.biak/","https://www.facebook.com/profile.php?id=100082443096285"],"image":["./images/ferry/KMP.+Mamberamo+Foja.jpeg"],"color":"#008800","remarks":"Roughly four times a month."},"id":"36"},{"type":"Feature","geometry":{"type":"LineString","coordinates":[[136.1483878,-1.1993373],[136.1467302,-1.2015737],[136.1489993,-1.2045289],[136.2867737,-1.1902144],[136.438179,-1.1850656],[136.4453888,-1.1867819],[136.5103197,-1.2056605],[136.5748215,-1.2294303],[136.5925884,-1.2302026],[136.5994334,-1.2285292],[136.6007423,-1.2265985],[136.5994334,-1.2285292],[136.5925884,-1.2302026],[136.5748322,-1.2294303],[136.5103197,-1.2056605],[136.4453888,-1.1867819],[136.4381683,-1.1850656],[136.2867737,-1.1902144],[136.1490047,-1.2045342],[136.1467302,-1.2015737],[136.1483932,-1.1993426]]},"properties":{"name":"MKR-MBM","date":2026,"description":"Mokmer/Biak ↔ Mbromsi","ship":["KMP Mamberamo Foja"],"imo":8525329,"mmsi":525101041,"ticket":"at the port or on the ferry.","website":["https://www.asdp.id/","https://www.instagram.com/asdp.biak/","https://www.facebook.com/profile.php?id=100082443096285"],"image":["./images/ferry/KMP.+Mamberamo+Foja.jpeg"],"color":"#008800","remarks":"Weekend trip - sometimes both Saturday and Sunday."},"id":"37"},{"type":"Feature","geometry":{"type":"LineString","coordinates":[[136.1484039,-1.1993534],[136.1467087,-1.2016488],[136.1476529,-1.2047917],[136.1978531,-1.3168701],[136.2030029,-1.3227051],[136.9020081,-1.7781264],[136.9129944,-1.79048],[136.9126511,-1.8014609],[136.8566895,-1.8316581],[136.3925171,-1.9805777],[136.3870239,-1.9807493],[136.3199472,-1.9686544],[136.2873745,-1.9394889],[136.2753582,-1.898013],[136.2764525,-1.8866252],[136.2755835,-1.8844002],[136.2761307,-1.8835584],[136.2755835,-1.8844055],[136.2764525,-1.8866252],[136.2753582,-1.898013],[136.2854004,-1.9394031],[136.4216995,-2.2007798],[136.4141464,-2.1980995],[136.3959503,-2.1977565],[136.3169861,-2.2540189],[135.8583069,-2.8278307],[135.8191681,-2.9574414],[135.7014084,-3.0685241],[135.5731773,-3.2106178],[135.5786705,-3.2313989],[135.5815458,-3.231206],[135.5787134,-3.2313989],[135.5731344,-3.2106178],[135.7014084,-3.068567],[135.8191681,-2.9574414],[135.8583069,-2.827745],[136.3169861,-2.2540189],[136.3959323,-2.1977488],[136.414125,-2.1980781],[136.4216781,-2.2007798],[136.2854111,-1.9394031],[136.2753582,-1.8980184],[136.2764525,-1.8866252],[136.2755808,-1.8844055],[136.2761307,-1.8835638],[136.2755835,-1.8844002],[136.2764525,-1.8866145],[136.2753636,-1.8980184],[136.2873745,-1.9394889],[136.3199902,-1.9686544],[136.3871098,-1.9807493],[136.3925171,-1.9805777],[136.8566895,-1.8316581],[136.9126511,-1.8014609],[136.9129086,-1.79048],[136.9020081,-1.7781693],[136.20296,-1.3227051],[136.1978102,-1.3168272],[136.1476529,-1.204781],[136.1467087,-1.2016488],[136.1484039,-1.1993426]]},"properties":{"name":"MKR-ZRI-WRN-NMA","date":2026,"description":"Mokmer/Biak → Serui → Waren → Nabire","ship":["KMP Masirei"],"imo":8743103,"mmsi":525016582,"ticket":"at the port or on the ferry.","website":["https://www.asdp.id/","https://www.instagram.com/asdp.biak/","https://www.facebook.com/profile.php?id=100082443096285"],"image":["./images/ferry/KMP.+Masirei.jpeg"],"color":"#2EFF2E","remarks":"Roughly four times a month. No AIS."},"id":"38"},{"type":"Feature","properties":{"description":"Pelabuhan penyeberangan Serui","code":"ZRI","link":""},"geometry":{"coordinates":[136.27613964221825,-1.8835662630260401],"type":"Point"},"id":53},{"type":"Feature","geometry":{"type":"LineString","coordinates":[[136.1484039,-1.1993453],[136.146698,-1.2016059],[136.1433935,-1.2075913],[136.1386299,-1.2107663],[135.4071808,-1.5914396],[135.401001,-1.6003625],[135.4003143,-1.6140901],[135.5239105,-3.0976643],[135.578649,-3.2313721],[135.5815351,-3.231206],[135.578649,-3.2313774],[135.5239105,-3.097675],[135.4003143,-1.6140901],[135.401001,-1.6003625],[135.4072237,-1.5914396],[136.1386299,-1.2107663],[136.1433935,-1.2075913],[136.146698,-1.2016059],[136.1484039,-1.199344]]},"properties":{"name":"MKR-NMA","date":2026,"description":"Mokmer/Biak ↔ Nabire","ship":["KMP Masirei"],"imo":8743103,"mmsi":525016582,"ticket":"at the port or on the ferry.","website":["https://www.asdp.id/","https://www.instagram.com/asdp.biak/","https://www.facebook.com/profile.php?id=100082443096285"],"image":["./images/ferry/KMP.+Masirei.jpeg"],"color":"#2EFF2E","remarks":"Roughly four times a month. No AIS."},"id":"39"},{"type":"Feature","geometry":{"type":"LineString","coordinates":[[132.7426824,-5.6308839],[132.7393055,-5.625937],[132.738061,-5.6200005],[132.7386189,-5.6029166],[132.738948,-5.58493],[132.7368164,-5.5701996],[132.7258247,-5.5662647],[132.7099085,-5.56627],[132.6610279,-5.5678077],[132.646898,-5.56619],[132.6065469,-5.580536],[132.5721073,-5.5965954],[132.537642,-5.612742],[132.498907,-5.621003],[132.468338,-5.6286277],[132.4471807,-5.6336672],[132.3677874,-5.6559177],[132.3226833,-5.6686014],[132.289325,-5.678022],[132.246335,-5.677238],[132.243453,-5.677277],[132.207778,-5.684048],[132.196218,-5.696377],[132.207145,-5.728123],[132.205065,-5.732122],[132.2071552,-5.7281297],[132.1953119,-5.6969518],[132.130447,-5.661013],[132.1092439,-5.6457962],[132.087636,-5.6304641],[132.0554924,-5.6074439],[132.029115,-5.592748],[132.023268,-5.589992],[132.0128024,-5.5797031],[132.0232683,-5.5899913],[132.0291156,-5.5927461],[132.0554924,-5.6074439],[132.087636,-5.6304641],[132.1092439,-5.6457962],[132.1304655,-5.6609997],[132.1953106,-5.6969518],[132.2071552,-5.7281486],[132.2050658,-5.7321223],[132.2071552,-5.7281241],[132.1962185,-5.6963766],[132.2077775,-5.6840392],[132.2434616,-5.6772705],[132.2463369,-5.6772385],[132.2893274,-5.6780178],[132.3226833,-5.6686014],[132.3677874,-5.6559177],[132.4471807,-5.6336672],[132.468338,-5.6286277],[132.4989071,-5.6210041],[132.5376463,-5.6127399],[132.5721073,-5.5965954],[132.6065469,-5.580536],[132.6468873,-5.5661846],[132.6610279,-5.5678077],[132.7099085,-5.5662673],[132.7258247,-5.5662647],[132.7368164,-5.5701996],[132.7389488,-5.58493],[132.738633,-5.602905],[132.738061,-5.6200005],[132.7393055,-5.625937],[132.7426817,-5.6308832]]},"properties":{"name":"TAL-PUTM-GUR","date":2026,"description":"Tual → Tam → Mangur → Tam → Tual","ship":["KMP Temi"],"imo":8740395,"mmsi":525016302,"ticket":"at the port or on the ferry.","website":["https://www.asdp.id/","https://www.instagram.com/asdp_tual/","https://www.facebook.com/dishub.pelabuhan.ferry"],"image":["./images/ferry/KMP_Temi_compressed.jpeg"],"color":"#00D100","remarks":"Once a month."},"id":"40"},{"type":"Feature","properties":{"description":"Pelabuhan penyeberangan Tual","code":"TAL","link":""},"geometry":{"coordinates":[132.74267146506054,-5.6308594519693855],"type":"Point"},"id":54},{"type":"Feature","properties":{"description":"Pulau Mangur","code":"GUR","link":""},"geometry":{"coordinates":[132.01228907896615,-5.579348249538995],"type":"Point"},"id":55},{"type":"Feature","geometry":{"type":"LineString","coordinates":[[132.7426811,-5.6308819],[132.7393055,-5.625937],[132.738061,-5.6199471],[132.7389622,-5.6139358],[132.7503777,-5.5592117],[132.816081,-5.4559321],[132.8267884,-5.4412786],[132.8736305,-5.3797986],[132.909412,-5.329207],[132.9646969,-5.254555],[133.0413437,-5.1507028],[133.0583167,-5.1267216],[133.14693,-5.005933],[133.2121468,-4.9190182],[133.238835,-4.881362],[133.3097792,-4.7856664],[133.3282113,-4.7601562],[133.4567857,-4.5840074],[133.5360074,-4.476466],[133.6430168,-4.3363431],[133.6548615,-4.3154293],[133.6640453,-4.2462609],[133.670025,-4.204557],[133.6830139,-4.1154713],[133.696661,-4.0237784],[133.729105,-3.7756172],[133.7369156,-3.751979],[133.7508202,-3.6660712],[133.756367,-3.6613227],[133.7578744,-3.6616118],[133.756367,-3.661328],[133.7508202,-3.6660712],[133.7209511,-3.7850595],[133.7081194,-3.8131287],[133.6460209,-3.8877184],[133.566993,-3.982127],[133.547232,-4.004702],[133.392378,-4.065262],[133.2686877,-4.0873267],[133.1028628,-4.1130528],[132.9781723,-4.1332779],[132.960182,-4.129237],[132.903172,-4.111615],[132.8449845,-4.0283376],[132.808397,-3.976902],[132.7871132,-3.9467604],[132.7737236,-3.9199159],[132.7244997,-3.814242],[132.6028776,-3.5580109],[132.5713778,-3.4916608],[132.5242996,-3.3931336],[132.466958,-3.272095],[132.415123,-3.1593275],[132.349488,-3.023433],[132.3189068,-2.9554699],[132.3103023,-2.9351334],[132.309965,-2.93242],[132.3103023,-2.9351334],[132.3189068,-2.9554699],[132.3494625,-3.023441],[132.415123,-3.1593275],[132.4669647,-3.2720826],[132.5242996,-3.3931336],[132.5713778,-3.4916608],[132.6029205,-3.5580193],[132.7244943,-3.8142366],[132.7737236,-3.9199159],[132.7871132,-3.9467604],[132.8083992,-3.9769006],[132.845006,-4.0283591],[132.9031563,-4.1116189],[132.96018,-4.1292329],[132.9781723,-4.1332779],[133.102833,-4.113057],[133.2686877,-4.0873267],[133.3923912,-4.0653027],[133.5472298,-4.0046852],[133.5669708,-3.9821261],[133.646012,-3.887727],[133.7080765,-3.8131287],[133.7209511,-3.7850322],[133.7508202,-3.6660712],[133.7563616,-3.6613227],[133.757869,-3.6616171],[133.7563777,-3.6613173],[133.7508202,-3.6660498],[133.7369156,-3.751979],[133.729072,-3.77564],[133.706023,-3.960358],[133.6967468,-4.0238641],[133.6830139,-4.1154713],[133.670032,-4.2045856],[133.6640453,-4.2462555],[133.6548615,-4.3154293],[133.6430168,-4.3363444],[133.5360046,-4.4764804],[133.4567857,-4.5840074],[133.3282113,-4.7601562],[133.3097792,-4.7856611],[133.2388401,-4.8813694],[133.212143,-4.91901],[133.1469369,-5.0059381],[133.0583382,-5.1267216],[133.0413437,-5.1507004],[132.964705,-5.254627],[132.9094219,-5.3291658],[132.8736305,-5.3797986],[132.8267884,-5.441284],[132.816081,-5.4559321],[132.7503777,-5.5592223],[132.7389622,-5.6139344],[132.738061,-5.6199578],[132.7393047,-5.6259374],[132.7426811,-5.6308819]]},"properties":{"name":"TAL-KNG-FKQ-LOO","date":2026,"description":"Tual → Kaimana → Fak-Fak → Kaimana → Lobo → Kaimana → Tual","ship":["KMP Temi"],"imo":8740395,"mmsi":525016302,"ticket":"at the port or on the ferry.","website":["https://www.asdp.id/","https://www.instagram.com/asdp_tual/","https://www.facebook.com/dishub.pelabuhan.ferry"],"image":["./images/ferry/KMP_Temi_compressed.jpeg"],"color":"#00D100","remarks":"Once a month. Sometimes the Kaimana Lobo stretch is skipped."},"id":"41"},{"type":"Feature","geometry":{"type":"LineString","coordinates":[[132.742679,-5.6308812],[132.739284,-5.6259177],[132.738018,-5.6198937],[132.738052,-5.603123],[132.7384847,-5.5850154],[132.7368593,-5.5703277],[132.729599,-5.56811],[132.7193069,-5.5672951],[132.670715,-5.56732],[132.646698,-5.565698],[132.6376176,-5.5654905],[132.6034999,-5.5838248],[132.56935,-5.6027458],[132.564819,-5.60529],[132.5588036,-5.6111169],[132.5267029,-5.6685587],[132.4740672,-5.7611794],[132.4567938,-5.7934292],[132.44014,-5.82235],[132.397675,-5.89605],[132.352798,-5.976075],[132.3287773,-6.0173709],[132.2944021,-6.078745],[132.2446632,-6.168033],[132.194504,-6.256007],[132.1631482,-6.3111903],[132.1283197,-6.3738604],[132.0776153,-6.4622237],[132.0483255,-6.5137974],[132.0359659,-6.5356917],[131.9925785,-6.6122609],[131.967712,-6.656848],[131.9352436,-6.7157127],[131.9159156,-6.7488813],[131.8488121,-6.8669505],[131.8129349,-6.9310279],[131.7696977,-7.006331],[131.7324954,-7.0722499],[131.7180061,-7.0990615],[131.7137575,-7.1430085],[131.7119873,-7.1500132],[131.7128214,-7.15095],[131.7138112,-7.1508595],[131.7128241,-7.15095],[131.7119873,-7.1500105],[131.7137575,-7.1430085],[131.7180061,-7.0990615],[131.7324954,-7.0722526],[131.769699,-7.006335],[131.8129349,-6.9310279],[131.8488121,-6.8669505],[131.9159156,-6.7488813],[131.9352436,-6.7157127],[131.9677117,-6.656847],[131.9925785,-6.6122609],[132.0359659,-6.5356917],[132.0483255,-6.5138006],[132.0776153,-6.4622344],[132.1283197,-6.3738604],[132.163147,-6.31119],[132.1945059,-6.2560048],[132.2446632,-6.168033],[132.294403,-6.07876],[132.3287773,-6.0173762],[132.3527992,-5.9760722],[132.3976564,-5.8960907],[132.4401386,-5.8223498],[132.4567938,-5.7934319],[132.4740672,-5.7611794],[132.5267029,-5.6685533],[132.5588036,-5.6111169],[132.5648198,-5.6052897],[132.56935,-5.6027444],[132.6035,-5.583825],[132.6376176,-5.5654905],[132.6467049,-5.5656934],[132.6707134,-5.5673165],[132.7193069,-5.5672951],[132.7296066,-5.5681067],[132.7368593,-5.5703277],[132.7384847,-5.5850154],[132.7380502,-5.6031248],[132.738018,-5.6198964],[132.739284,-5.625917],[132.742679,-5.6308805]]},"properties":{"name":"TAL-LRA","date":2026,"description":"Tual ↔ Larat","ship":["KMP Temi"],"imo":8740395,"mmsi":525016302,"ticket":"at the port or on the ferry.","website":["https://www.asdp.id/","https://www.instagram.com/asdp_tual/","https://www.facebook.com/dishub.pelabuhan.ferry"],"image":["./images/ferry/KMP_Temi_compressed.jpeg"],"color":"#00D100","remarks":"Once a month."},"id":"42"},{"type":"Feature","properties":{"description":"Pelabuhan penyeberangan Larat","code":"LRA","link":""},"geometry":{"coordinates":[131.7138814818926,-7.150871223832667],"type":"Point"},"id":56}]}